Timestamp,1_Yaw,1_Pitch,1_Roll,1_Ax,1_Ay,1_Az,2_Yaw,2_Pitch,2_Roll,2_Ax,2_Ay,2_Az,Audio_A5,Audio_A6,Audio_A7
1742071573.2441232,0.0,0.0,0.0,-17.0,-84.0,-24572.0,0.0,-0.0,0.01,-14.0,-145.0,-32762.0,133.0,82.0,91.0
1742071573.2526143,0.0,0.0,0.0,-24.0,-156.0,24583.0,0.0,-0.0,0.01,-21.0,-216.0,16392.0,0.0,0.0,0.0
1742071573.2646146,0.0,0.0,0.0,-31.0,-227.0,8200.0,0.0,-0.0,0.01,-28.0,-286.0,9.0,0.0,0.0,0.0
1742071573.276707,0.0,0.0,0.0,-38.0,-297.0,-8182.0,0.0,-0.0,0.01,-36.0,-356.0,-16372.0,103.0,63.0,108.0
1742071573.2852283,0.0,0.0,0.0,-46.0,-367.0,-24563.0,0.0,-0.0,0.01,-44.0,-425.0,-32753.0,40.0,0.0,17.0
1742071573.2972527,0.0,0.0,0.0,-54.0,-436.0,24592.0,0.0,-0.0,0.01,-52.0,-493.0,16401.0,67.0,61.0,13.0
1742071573.3057373,0.0,0.0,0.0,-62.0,-504.0,8209.0,0.0,-0.0,0.01,-60.0,-560.0,18.0,20.0,0.0,0.0
1742071573.3142378,0.0,0.0,0.0,-70.0,-570.0,-8173.0,0.0,-0.0,0.01,-68.0,-625.0,-16363.0,0.0,0.0,0.0
1742071573.3262372,0.0,0.0,0.0,-78.0,-635.0,-24554.0,0.0,-0.0,0.01,-76.0,-690.0,-32744.0,191.0,113.0,109.0
1742071573.3347378,0.0,0.0,0.0,-86.0,-700.0,24601.0,0.0,-0.0,0.01,-84.0,-754.0,16410.0,29.0,33.0,52.0
1742071573.3467364,0.0,0.0,0.0,-94.0,-764.0,8218.0,0.0,-0.0,0.01,-92.0,-817.0,27.0,1.0,0.0,0.0
1742071573.3552377,0.0,0.0,0.0,-102.0,-827.0,-8164.0,0.0,-0.0,0.01,-100.0,-879.0,-16354.0,0.0,0.0,41.0
1742071573.3672378,0.0,0.0,0.0,-110.0,-889.0,-24545.0,0.0,-0.0,0.01,-108.0,-940.0,-32735.0,0.0,27.0,7.0
1742071573.3792372,0.0,0.0,0.0,-118.0,-950.0,24610.0,0.0,-0.0,0.01,-116.0,-1001.0,16419.0,87.0,150.0,97.0
1742071573.387258,0.0,0.0,0.0,-127.0,-1011.0,8227.0,0.0,-0.0,0.01,-125.0,-1061.0,36.0,39.0,1.0,0.0
1742071573.3997464,0.0,0.0,0.0,-136.0,-1071.0,-8155.0,0.0,-0.0,0.01,-134.0,-1120.0,-16345.0,0.0,0.0,0.0
1742071573.408247,0.0,0.0,0.0,-145.0,-1131.0,-24536.0,0.0,-0.0,0.01,-143.0,-1180.0,-32726.0,116.0,116.0,103.0
1742071573.4202466,0.0,0.0,0.0,-154.0,-1190.0,24619.0,0.0,-0.0,0.01,-152.0,-1238.0,16428.0,50.0,41.0,53.0
1742071573.4287474,0.0,0.0,0.0,-162.0,-1248.0,8236.0,0.0,-0.0,0.01,-160.0,-1295.0,45.0,0.0,0.0,50.0
1742071573.4407465,0.0,0.0,0.0,-170.0,-1305.0,-8146.0,0.0,-0.0,0.01,-168.0,-1352.0,-16336.0,31.0,0.0,27.0
1742071573.4492471,0.0,0.0,0.0,-178.0,-1361.0,-24527.0,0.0,-0.0,0.01,-176.0,-1407.0,-32717.0,7.0,25.0,0.0
1742071573.4612477,0.0,0.0,0.0,-187.0,-1416.0,24628.0,0.0,-0.0,0.01,-185.0,-1462.0,16437.0,103.0,176.0,98.0
1742071573.4697464,0.0,0.0,0.0,-196.0,-1471.0,8245.0,0.0,-0.0,0.01,-194.0,-1516.0,54.0,0.0,0.0,0.0
1742071573.48225,0.0,0.0,0.0,-205.0,-1525.0,-8137.0,0.0,-0.0,0.01,-203.0,-1569.0,-16327.0,0.0,0.0,0.0
1742071573.490249,0.0,0.0,0.0,-214.0,-1578.0,-24518.0,0.0,-0.0,0.01,-213.0,-1622.0,-32708.0,61.0,93.0,90.0
1742071573.5022526,0.0,0.0,0.0,-224.0,-1631.0,24637.0,0.0,-0.0,0.01,-223.0,-1674.0,16446.0,63.0,48.0,48.0
1742071573.5111341,0.0,0.0,0.0,-234.0,-1684.0,8254.0,0.0,-0.0,0.01,-233.0,-1726.0,63.0,111.0,86.0,56.0
1742071573.5226345,0.0,0.0,0.0,-244.0,-1736.0,-8128.0,0.0,-0.0,0.01,-243.0,-1778.0,-16318.0,0.0,0.0,0.0
1742071573.5351343,0.0,0.0,0.0,-254.0,-1788.0,-24509.0,0.0,-0.0,0.01,-253.0,-1829.0,-32699.0,13.0,0.0,27.0
1742071573.5436344,0.0,0.0,0.0,-264.0,-1838.0,24646.0,0.0,-0.0,0.01,-263.0,-1878.0,16455.0,58.0,109.0,130.0
1742071573.559635,0.0,0.0,0.0,-274.0,-1887.0,8263.0,0.0,-0.0,0.0,-273.0,-1926.0,72.0,120.0,76.0,124.0
1742071573.5681355,0.0,0.0,0.0,-284.0,-1935.0,-8119.0,0.0,-0.0,0.0,-283.0,-1973.0,-16309.0,53.0,10.0,17.0
1742071573.5806353,0.0,0.0,0.0,-294.0,-1982.0,-24500.0,0.0,-0.0,0.0,-293.0,-2020.0,-32690.0,66.0,56.0,33.0
1742071573.5886376,0.0,0.0,0.0,-304.0,-2028.0,24655.0,0.0,-0.0,0.0,-303.0,-2065.0,16464.0,0.0,0.0,20.0
1742071573.6006696,0.0,0.0,0.0,-314.0,-2073.0,8272.0,0.0,-0.0,0.0,-313.0,-2110.0,81.0,0.0,0.0,12.0
1742071573.6091716,0.0,0.0,0.0,-324.0,-2119.0,-8110.0,0.0,-0.0,0.0,-323.0,-2155.0,-16300.0,148.0,109.0,120.0
1742071573.621173,0.0,0.0,0.0,-334.0,-2164.0,-24491.0,0.0,-0.0,0.0,-333.0,-2200.0,-32681.0,0.0,10.0,19.0
1742071573.6296704,0.0,0.0,0.0,-344.0,-2209.0,24664.0,0.0,-0.0,0.0,-343.0,-2244.0,16473.0,0.0,0.0,0.0
1742071573.6416693,0.0,0.0,0.0,-354.0,-2253.0,8281.0,0.0,-0.0,0.0,-353.0,-2288.0,90.0,83.0,100.0,80.0
1742071573.650171,0.0,0.0,0.0,-364.0,-2297.0,-8101.0,0.0,0.0,0.0,-364.0,-2331.0,-16291.0,0.0,1.0,12.0
1742071573.662457,0.0,0.0,0.0,-375.0,-2340.0,-24482.0,0.0,0.0,0.0,-375.0,-2373.0,-32672.0,127.0,60.0,68.0
1742071573.6704583,0.0,0.0,0.0,-386.0,-2382.0,24673.0,0.0,0.0,0.0,-386.0,-2415.0,16482.0,0.0,0.0,0.0
1742071573.6824818,0.0,0.0,0.0,-397.0,-2423.0,8290.0,0.0,0.0,0.0,-397.0,-2455.0,99.0,0.0,0.0,0.0
1742071573.6949818,0.0,0.0,0.0,-408.0,-2463.0,-8092.0,0.0,0.0,0.0,-408.0,-2495.0,-16282.0,107.0,119.0,123.0
1742071573.7030199,0.0,0.0,0.0,-418.0,-2503.0,-24473.0,0.0,0.0,0.0,-418.0,-2534.0,-32663.0,55.0,10.0,55.0
1742071573.7190154,0.0,0.0,0.0,-428.0,-2541.0,24682.0,0.0,0.0,0.0,-428.0,-2571.0,16491.0,19.0,36.0,0.0
1742071573.7280326,0.0,0.0,0.0,-438.0,-2579.0,8299.0,0.0,0.0,0.0,-438.0,-2608.0,108.0,80.0,71.0,81.0
1742071573.740017,0.0,0.0,0.0,-448.0,-2616.0,-8083.0,0.0,0.0,0.0,-448.0,-2645.0,-16273.0,0.0,0.0,0.0
1742071573.748017,0.0,0.0,0.0,-458.0,-2653.0,-24464.0,0.0,0.0,0.0,-458.0,-2681.0,-32654.0,0.0,0.0,0.0
1742071573.7600322,0.0,0.0,0.0,-468.0,-2689.0,24691.0,0.0,0.0,0.0,-468.0,-2717.0,16500.0,73.0,126.0,139.0
1742071573.768516,0.0,0.0,0.0,-478.0,-2725.0,8308.0,0.0,0.0,0.0,-478.0,-2752.0,117.0,30.0,14.0,42.0
1742071573.7810156,0.0,0.0,0.0,-488.0,-2760.0,-8074.0,0.0,0.0,0.0,-488.0,-2786.0,-16264.0,0.0,0.0,0.0
1742071573.793018,0.0,0.0,0.0,-498.0,-2794.0,-24455.0,0.0,0.0,0.0,-498.0,-2820.0,-32645.0,69.0,128.0,96.0
1742071573.8012123,0.0,0.0,0.0,-508.0,-2827.0,24700.0,0.0,0.0,0.0,-508.0,-2852.0,16509.0,0.0,0.0,55.0
1742071573.8132265,0.0,0.0,0.0,-518.0,-2859.0,8317.0,0.0,0.0,0.0,-518.0,-2884.0,126.0,29.0,76.0,46.0
1742071573.8217118,0.0,0.0,0.0,-528.0,-2891.0,-8065.0,0.0,0.0,0.0,-528.0,-2915.0,-16255.0,0.0,0.0,0.0
1742071573.8338482,0.0,0.0,0.0,-538.0,-2922.0,-24446.0,0.0,0.0,0.0,-538.0,-2946.0,-32636.0,0.0,0.0,12.0
1742071573.8423479,0.0,0.0,0.0,-549.0,-2953.0,24709.0,0.0,0.0,0.0,-549.0,-2976.0,16518.0,112.0,105.0,140.0
1742071573.8583636,0.0,0.0,0.0,-560.0,-2983.0,8326.0,0.0,0.0,0.0,-560.0,-3005.0,135.0,120.0,87.0,133.0
1742071573.8668475,0.0,0.0,0.0,-570.0,-3013.0,-8056.0,0.0,0.0,0.0,-570.0,-3035.0,-16246.0,65.0,37.0,47.0
1742071573.8788476,0.0,0.0,0.0,-581.0,-3043.0,-24437.0,0.0,0.0,0.0,-581.0,-3064.0,-32627.0,81.0,8.0,45.0
1742071573.8873742,0.0,0.0,0.0,-591.0,-3072.0,24718.0,0.0,0.0,0.0,-591.0,-3093.0,16527.0,0.0,0.0,17.0
1742071573.8994086,0.0,0.0,0.0,-601.0,-3101.0,8335.0,0.0,0.0,0.0,-601.0,-3121.0,144.0,0.0,0.0,30.0
1742071573.9119086,0.0,0.0,0.0,-611.0,-3128.0,-8047.0,0.0,0.0,0.0,-611.0,-3148.0,-16237.0,77.0,159.0,111.0
1742071573.9199278,0.0,0.0,0.0,-621.0,-3155.0,-24428.0,0.0,0.0,0.0,-621.0,-3174.0,-32618.0,0.0,2.0,25.0
1742071573.9324079,0.0,0.0,0.0,-631.0,-3181.0,24727.0,0.0,0.0,0.0,-631.0,-3200.0,16536.0,0.0,0.0,0.0
1742071573.9404178,0.0,0.0,0.0,-641.0,-3206.0,8344.0,0.0,0.0,0.0,-642.0,-3224.0,153.0,38.0,51.0,105.0
1742071573.952907,0.0,0.0,0.0,-652.0,-3230.0,-8038.0,0.0,0.0,0.0,-653.0,-3248.0,-16228.0,8.0,3.0,10.0
1742071573.9614258,0.0,0.0,0.0,-663.0,-3254.0,-24419.0,0.0,0.0,0.0,-664.0,-3271.0,-32609.0,58.0,87.0,77.0
1742071573.9734075,0.0,0.0,0.0,-674.0,-3277.0,24736.0,0.0,0.0,0.0,-675.0,-3294.0,16545.0,0.0,0.0,0.0
1742071573.9814727,0.0,0.0,0.0,-685.0,-3301.0,8353.0,0.0,0.0,0.0,-685.0,-3317.0,162.0,0.0,15.0,0.0
1742071573.9934878,0.0,0.0,0.0,-695.0,-3324.0,-8029.0,0.0,0.0,0.0,-695.0,-3340.0,-16219.0,135.0,123.0,140.0
1742071574.0099773,0.0,0.0,0.0,-705.0,-3347.0,-24410.0,0.0,0.0,0.0,-706.0,-3362.0,-32600.0,117.0,102.0,108.0
1742071574.0184493,0.0,0.0,0.0,-716.0,-3369.0,24745.0,0.0,0.0,0.0,-717.0,-3384.0,16554.0,29.0,21.0,7.0
1742071574.030449,0.0,0.0,0.0,-727.0,-3390.0,8362.0,0.0,0.0,0.0,-728.0,-3404.0,171.0,51.0,45.0,27.0
1742071574.0389516,0.0,0.0,0.0,-738.0,-3410.0,-8020.0,0.0,0.0,0.0,-739.0,-3424.0,-16210.0,0.0,0.0,13.0
1742071574.0509665,0.0,0.0,0.0,-749.0,-3430.0,-24401.0,0.0,0.0,0.0,-750.0,-3443.0,-32591.0,0.0,0.0,0.0
1742071574.0594492,0.0,0.0,0.0,-760.0,-3449.0,24754.0,0.0,0.0,0.0,-761.0,-3462.0,16563.0,159.0,121.0,143.0
1742071574.0714624,0.0,0.0,0.0,-771.0,-3468.0,8371.0,0.0,0.0,0.0,-772.0,-3480.0,180.0,49.0,3.0,20.0
1742071574.0799499,0.0,0.0,0.0,-782.0,-3486.0,-8011.0,0.0,0.0,0.0,-783.0,-3498.0,-16201.0,0.0,0.0,0.0
1742071574.0924737,0.0,0.0,0.0,-793.0,-3504.0,-24392.0,0.0,0.0,0.0,-794.0,-3516.0,-32582.0,72.0,116.0,151.0
1742071574.100291,0.0,0.0,0.0,-804.0,-3522.0,24763.0,0.0,0.0,0.0,-805.0,-3533.0,16572.0,38.0,31.0,39.0
1742071574.1127763,0.0,0.0,0.0,-815.0,-3539.0,8380.0,0.0,0.0,0.0,-817.0,-3551.0,189.0,78.0,55.0,57.0
1742071574.1210537,0.0,0.0,0.0,-827.0,-3557.0,-8002.0,0.0,0.0,0.0,-829.0,-3569.0,-16192.0,0.0,3.0,0.0
1742071574.1370535,0.0,0.0,0.0,-839.0,-3575.0,-24383.0,0.0,0.0,0.0,-840.0,-3585.0,-32573.0,19.0,0.0,0.0
1742071574.1495554,0.0,0.0,0.0,-850.0,-3591.0,24772.0,0.0,0.0,0.0,-851.0,-3601.0,16581.0,0.0,0.0,0.0
1742071574.158058,0.0,0.0,0.0,-862.0,-3606.0,8389.0,0.0,0.0,0.0,-863.0,-3616.0,198.0,113.0,111.0,132.0
1742071574.170054,0.0,0.0,0.0,-877.0,-3629.0,-7993.0,0.0,0.0,0.0,-878.0,-3638.0,-16183.0,87.0,34.0,39.0
1742071574.1785576,0.0,0.0,0.0,-894.0,-3672.0,-24373.0,0.0,0.0,0.0,-895.0,-3678.0,-32564.0,115.0,59.0,31.0
1742071574.1905785,0.0,0.0,0.01,-918.0,-3739.0,24782.0,0.0,0.0,0.0,-919.0,-3742.0,16590.0,42.0,60.0,26.0
1742071574.1985884,0.01,0.01,0.01,-980.0,-3829.0,8399.0,0.0,0.0,0.0,-983.0,-3829.0,207.0,1.0,9.0,6.0
1742071574.211105,0.01,0.02,0.01,-1106.0,-3944.0,-7983.0,0.0,0.0,-0.0,-1113.0,-3941.0,-16174.0,147.0,156.0,162.0
1742071574.2230906,0.01,0.02,0.02,-1292.0,-4076.0,-24362.0,0.0,0.0,-0.0,-1301.0,-4073.0,-32553.0,85.0,8.0,16.0
1742071574.2315886,0.01,0.03,0.02,-1538.0,-4234.0,24797.0,0.0,0.0,-0.0,-1547.0,-4231.0,16605.0,0.0,0.0,81.0
1742071574.243749,0.01,0.04,0.02,-1847.0,-4416.0,8421.0,0.0,0.0,-0.0,-1856.0,-4414.0,230.0,181.0,207.0,177.0
1742071574.2518969,0.01,0.05,0.03,-2230.0,-4623.0,-7949.0,0.0,0.0,0.0,-2236.0,-4623.0,-16140.0,191.0,88.0,71.0
1742071574.2683961,0.02,0.07,0.03,-2779.0,-4860.0,-24310.0,-0.0,0.0,0.0,-2784.0,-4861.0,-32501.0,60.0,58.0,97.0
1742071574.280422,0.02,0.08,0.03,-3419.0,-5107.0,24873.0,-0.0,0.0,0.0,-3424.0,-5108.0,16682.0,144.0,251.0,153.0
1742071574.2889245,0.03,0.09,0.03,-4159.0,-5353.0,8527.0,-0.0,0.0,0.0,-4163.0,-5354.0,336.0,110.0,49.0,24.0
1742071574.3010955,0.03,0.1,0.03,-5003.0,-5582.0,-7809.0,-0.0,0.0,0.0,-5008.0,-5583.0,-16000.0,133.0,123.0,41.0
1742071574.3095958,0.04,0.12,0.02,-5952.0,-5776.0,-24134.0,-0.0,0.0,0.0,-5956.0,-5778.0,-32325.0,120.0,177.0,264.0
1742071574.321594,0.04,0.13,0.02,-7004.0,-5915.0,25088.0,-0.0,0.0,0.0,-7008.0,-5917.0,16897.0,0.0,21.0,51.0
1742071574.3336205,0.05,0.14,0.01,-8157.0,-5980.0,8786.0,-0.0,0.0,0.0,-8160.0,-5981.0,594.0,102.0,150.0,174.0
1742071574.3420935,0.05,0.15,-0.0,-9421.0,-5965.0,-7500.0,-0.0,0.0,0.0,-9424.0,-5966.0,-15691.0,160.0,337.0,155.0
1742071574.35811,0.07,0.18,-0.03,-10903.0,-5757.0,-23745.0,-0.0,0.0,0.0,-10907.0,-5757.0,-31936.0,94.0,102.0,147.0
1742071574.3705945,0.08,0.19,-0.04,-12494.0,-5440.0,25570.0,-0.0,0.0,-0.0,-12497.0,-5439.0,17379.0,121.0,73.0,141.0
1742071574.379095,0.08,0.21,-0.05,-14201.0,-5010.0,9378.0,-0.0,0.0,-0.0,-14204.0,-5009.0,1187.0,28.0,138.0,161.0
1742071574.391098,0.09,0.22,-0.07,-16023.0,-4444.0,-6779.0,-0.0,0.0,-0.0,-16026.0,-4442.0,-14970.0,41.0,87.0,138.0
1742071574.3996468,0.1,0.24,-0.09,-17961.0,-3732.0,-22898.0,-0.0,0.0,-0.0,-17964.0,-3730.0,-31089.0,71.0,65.0,79.0
1742071574.411647,0.11,0.25,-0.11,-20027.0,-2877.0,26566.0,-0.0,0.0,0.0,-20029.0,-2877.0,18375.0,144.0,79.0,91.0
1742071574.4236467,0.12,0.27,-0.13,-22210.0,-1877.0,10542.0,-0.0,0.0,0.0,-22213.0,-1877.0,2351.0,0.0,72.0,26.0
1742071574.4361467,0.14,0.3,-0.17,-24644.0,-584.0,-5363.0,-0.0,0.0,0.0,-24646.0,-585.0,-13554.0,15.0,0.0,37.0
1742071574.4481454,0.15,0.32,-0.19,-27198.0,855.0,-21203.0,-0.0,0.0,0.0,-27201.0,853.0,-29394.0,0.0,0.0,0.0
1742071574.457147,0.16,0.33,-0.21,-29867.0,2433.0,28560.0,-0.0,0.0,0.0,-29870.0,2431.0,20369.0,178.0,217.0,205.0
1742071574.4686444,0.16,0.35,-0.22,-32651.0,4146.0,12857.0,-0.0,0.0,0.0,-32654.0,4145.0,4666.0,34.0,0.0,50.0
1742071574.4811387,0.17,0.36,-0.24,29988.0,5998.0,-2769.0,-0.0,0.0,0.0,29986.0,5996.0,-10960.0,66.0,64.0,71.0
1742071574.4896338,0.19,0.38,-0.27,26984.0,7993.0,-18315.0,-0.0,0.0,0.0,26983.0,7992.0,-26506.0,99.0,97.0,129.0
1742071574.5016682,0.2,0.39,-0.29,23871.0,10129.0,31760.0,-0.0,0.0,0.0,23870.0,10126.0,23569.0,64.0,4.0,58.0
1742071574.5101686,0.21,0.4,-0.31,20652.0,12412.0,16391.0,-0.0,0.0,0.0,20651.0,12409.0,8200.0,93.0,107.0,42.0
1742071574.522168,0.22,0.42,-0.33,17335.0,14845.0,1116.0,-0.0,0.0,0.0,17334.0,14842.0,-7075.0,0.0,9.0,44.0
1742071574.5386686,0.24,0.44,-0.37,13824.0,17551.0,-13962.0,-0.0,0.0,0.0,13823.0,17548.0,-22153.0,15.0,76.0,0.0
1742071574.5470605,0.25,0.45,-0.4,10227.0,20392.0,-28941.0,-0.0,0.0,0.0,10226.0,20389.0,28404.0,17.0,74.0,0.0
1742071574.5590606,0.26,0.47,-0.42,6534.0,23370.0,21726.0,-0.0,0.0,0.0,6533.0,23367.0,13535.0,166.0,148.0,267.0
1742071574.5710754,0.27,0.48,-0.44,2749.0,26487.0,6973.0,-0.0,0.0,0.0,2748.0,26484.0,-1217.0,2.0,0.0,94.0
1742071574.5795605,0.28,0.49,-0.47,-1119.0,29753.0,-7656.0,-0.0,0.0,0.0,-1119.0,29749.0,-15847.0,0.0,0.0,3.0
1742071574.5915632,0.29,0.5,-0.49,-5069.0,-32379.0,-22161.0,-0.0,0.0,0.0,-5070.0,-32384.0,-30352.0,240.0,130.0,93.0
1742071574.6000688,0.3,0.51,-0.52,-9093.0,-28840.0,28991.0,-0.0,0.0,0.0,-9094.0,-28846.0,20800.0,96.0,56.0,11.0
1742071574.6120634,0.31,0.52,-0.55,-13180.0,-25160.0,14731.0,-0.0,0.0,0.0,-13181.0,-25167.0,6540.0,147.0,144.0,33.0
1742071574.6285663,0.33,0.54,-0.6,-17368.0,-21205.0,719.0,-0.0,-0.0,0.0,-17367.0,-21217.0,-7471.0,116.0,64.0,106.0
1742071574.6410472,0.33,0.54,-0.62,-21594.0,-17112.0,-13161.0,-0.0,-0.0,0.0,-21592.0,-17127.0,-21351.0,2.0,17.0,0.0
1742071574.6490486,0.34,0.55,-0.65,-25848.0,-12881.0,-26915.0,-0.0,-0.0,0.0,-25845.0,-12901.0,30431.0,0.0,0.0,0.0
1742071574.6610634,0.34,0.55,-0.68,-30124.0,-8518.0,24991.0,-0.0,-0.0,0.0,-30120.0,-8543.0,16800.0,133.0,190.0,133.0
1742071574.6695504,0.35,0.55,-0.7,31126.0,-4039.0,11469.0,-0.0,-0.0,0.0,31129.0,-4067.0,3278.0,14.0,84.0,38.0
1742071574.6815495,0.35,0.55,-0.73,26828.0,563.0,-1934.0,0.0,-0.0,0.0,26832.0,531.0,-10124.0,0.0,0.0,0.0
1742071574.6900516,0.35,0.55,-0.75,22529.0,5281.0,-15226.0,0.0,-0.0,0.0,22535.0,5248.0,-23416.0,96.0,139.0,108.0
1742071574.7066565,0.36,0.55,-0.79,18240.0,10208.0,-28319.0,0.0,-0.0,0.0,18247.0,10169.0,29027.0,60.0,55.0,141.0
1742071574.7186565,0.35,0.55,-0.81,13966.0,15228.0,24212.0,0.0,-0.0,0.01,13973.0,15185.0,16021.0,41.0,26.0,29.0
1742071574.7271562,0.35,0.55,-0.83,9711.0,20334.0,11286.0,0.0,-0.0,0.01,9719.0,20288.0,3095.0,52.0,54.0,20.0
1742071574.739157,0.35,0.54,-0.84,5479.0,25524.0,-1564.0,0.0,-0.0,0.01,5487.0,25475.0,-9754.0,0.0,0.0,0.0
1742071574.7511714,0.35,0.54,-0.86,1272.0,30789.0,-14347.0,0.0,-0.0,0.01,1279.0,30739.0,-22537.0,0.0,0.0,0.0
1742071574.7598534,0.34,0.54,-0.87,-2904.0,-29413.0,-27077.0,0.0,-0.0,0.01,-2896.0,-29461.0,30269.0,95.0,118.0,106.0
1742071574.772061,0.34,0.53,-0.88,-7048.0,-24012.0,25776.0,0.0,-0.0,0.01,-7041.0,-24057.0,17585.0,19.0,0.0,0.0
1742071574.7805612,0.34,0.53,-0.89,-11160.0,-18549.0,13134.0,0.0,-0.0,0.01,-11153.0,-18591.0,4943.0,0.0,0.0,0.0
1742071574.7925863,0.33,0.52,-0.9,-15241.0,-13035.0,524.0,0.0,-0.0,0.01,-15234.0,-13075.0,-7666.0,103.0,119.0,127.0
1742071574.8086038,0.33,0.51,-0.91,-19266.0,-7449.0,-12048.0,0.0,-0.0,0.01,-19259.0,-7494.0,-20238.0,57.0,62.0,91.0
1742071574.8171043,0.32,0.51,-0.91,-23262.0,-1842.0,-24613.0,0.01,-0.0,0.01,-23256.0,-1889.0,32733.0,0.0,2.0,11.0
1742071574.829119,0.32,0.51,-0.91,-27225.0,3787.0,28358.0,0.01,-0.0,0.01,-27219.0,3738.0,20167.0,30.0,16.0,2.0
1742071574.837603,0.32,0.5,-0.91,-31157.0,9429.0,15784.0,0.01,-0.0,0.01,-31152.0,9381.0,7593.0,0.0,0.0,0.0
1742071574.8497303,0.31,0.5,-0.91,30476.0,15081.0,3195.0,0.01,-0.0,0.01,30479.0,15035.0,-4995.0,0.0,0.0,0.0
1742071574.8617458,0.31,0.49,-0.91,26598.0,20739.0,-9412.0,0.0,-0.0,0.01,26601.0,20695.0,-17602.0,84.0,119.0,113.0
1742071574.8702307,0.31,0.49,-0.91,22742.0,26398.0,-22039.0,0.0,-0.0,0.01,22745.0,26356.0,-30229.0,0.0,0.0,0.0
1742071574.8827372,0.31,0.49,-0.91,18907.0,32053.0,30844.0,0.0,-0.0,0.01,18910.0,32010.0,22653.0,0.0,0.0,0.0
1742071574.8987904,0.3,0.48,-0.9,15105.0,-27860.0,18122.0,0.0,-0.0,0.01,15105.0,-27902.0,9931.0,0.0,0.0,0.0
1742071574.9069438,0.3,0.48,-0.89,11313.0,-22254.0,5364.0,0.0,-0.0,0.0,11313.0,-22289.0,-2826.0,73.0,97.0,97.0
1742071574.9194431,0.29,0.48,-0.89,7535.0,-16661.0,-7427.0,0.0,0.0,0.0,7534.0,-16698.0,-15617.0,18.0,0.0,10.0
1742071574.927443,0.29,0.48,-0.88,3775.0,-11102.0,-20273.0,0.0,-0.0,0.0,3775.0,-11138.0,-28463.0,54.0,51.0,48.0
1742071574.9399428,0.29,0.47,-0.87,35.0,-5570.0,32370.0,0.0,-0.0,0.0,35.0,-5607.0,24179.0,0.0,0.0,0.0
1742071574.947943,0.28,0.47,-0.86,-3688.0,-68.0,19429.0,0.0,-0.0,0.0,-3687.0,-103.0,11238.0,0.0,0.0,0.0
1742071574.9604435,0.28,0.47,-0.85,-7404.0,5399.0,6440.0,0.0,-0.0,0.0,-7403.0,5364.0,-1750.0,111.0,132.0,130.0
1742071574.9689436,0.28,0.47,-0.85,-11117.0,10830.0,-6589.0,0.0,-0.0,0.0,-11116.0,10796.0,-14779.0,12.0,0.0,0.0
1742071574.981147,0.28,0.47,-0.84,-14821.0,16230.0,-19661.0,0.0,0.0,0.0,-14821.0,16197.0,-27851.0,0.0,0.0,0.0
1742071574.9928288,0.28,0.47,-0.83,-18514.0,21602.0,32761.0,0.0,-0.0,0.0,-18513.0,21570.0,24570.0,82.0,65.0,107.0
1742071575.005842,0.27,0.46,-0.82,-22184.0,26928.0,19579.0,0.0,0.0,0.0,-22184.0,26898.0,11388.0,8.0,44.0,43.0
1742071575.0176811,0.27,0.46,-0.82,-25838.0,32240.0,6366.0,0.0,0.0,0.0,-25838.0,32211.0,-1824.0,1.0,20.0,0.0
1742071575.0296984,0.27,0.46,-0.81,-29475.0,-27998.0,-6872.0,0.0,0.0,0.0,-29475.0,-28026.0,-15062.0,83.0,56.0,58.0
1742071575.0381846,0.27,0.46,-0.81,32439.0,-22712.0,-20136.0,0.0,0.0,0.0,32437.0,-22740.0,-28326.0,0.0,0.0,0.0
1742071575.0506802,0.27,0.46,-0.8,28830.0,-17439.0,32110.0,0.0,0.0,0.0,28828.0,-17466.0,23919.0,0.0,0.0,0.0
1742071575.0586808,0.26,0.45,-0.8,25238.0,-12180.0,18791.0,0.0,0.0,0.0,25236.0,-12207.0,10600.0,115.0,144.0,130.0
1742071575.0706825,0.26,0.45,-0.8,21661.0,-6937.0,5445.0,0.0,0.0,0.0,21658.0,-6963.0,-2745.0,0.0,0.0,0.0
1742071575.0791802,0.26,0.45,-0.79,18095.0,-1709.0,-7924.0,0.0,0.0,0.0,18092.0,-1735.0,-16114.0,0.0,0.0,0.0
1742071575.0912013,0.26,0.45,-0.79,14543.0,3499.0,-21320.0,0.0,0.0,0.0,14540.0,3472.0,-29510.0,81.0,71.0,110.0
1742071575.1077516,0.25,0.45,-0.78,11012.0,8666.0,30765.0,0.0,0.0,0.0,11009.0,8639.0,22574.0,35.0,43.0,51.0
1742071575.1162362,0.25,0.44,-0.77,7491.0,13814.0,17287.0,0.0,0.0,0.0,7488.0,13787.0,9096.0,22.0,11.0,0.0
1742071575.1282372,0.25,0.44,-0.77,3981.0,18942.0,3783.0,0.0,0.0,0.0,3978.0,18915.0,-4407.0,78.0,82.0,42.0
1742071575.1364226,0.25,0.44,-0.77,481.0,24051.0,-9744.0,0.0,0.0,0.0,479.0,24026.0,-17934.0,0.0,1.0,0.0
1742071575.1489232,0.25,0.44,-0.76,-3007.0,29145.0,-23294.0,0.0,0.0,0.0,-3008.0,29120.0,-31484.0,0.0,9.0,0.0
1742071575.1609232,0.25,0.44,-0.76,-6482.0,-31312.0,28670.0,0.0,0.0,0.0,-6483.0,-31337.0,20479.0,112.0,107.0,103.0
1742071575.1694224,0.25,0.44,-0.76,-9946.0,-26246.0,15075.0,0.0,0.0,0.0,-9947.0,-26270.0,6884.0,26.0,4.0,15.0
1742071575.1814215,0.25,0.43,-0.75,-13396.0,-21193.0,1458.0,0.0,0.0,0.0,-13397.0,-21216.0,-6732.0,0.0,0.0,0.0
1742071575.1934245,0.24,0.43,-0.75,-16834.0,-16151.0,-12177.0,0.0,0.0,0.0,-16836.0,-16173.0,-20367.0,113.0,110.0,106.0
1742071575.205933,0.24,0.43,-0.74,-20245.0,-11137.0,-25854.0,0.0,0.0,0.0,-20247.0,-11158.0,31491.0,0.0,42.0,61.0
1742071575.2183928,0.24,0.43,-0.74,-23643.0,-6136.0,25981.0,0.0,0.0,0.0,-23646.0,-6156.0,17789.0,14.0,19.0,0.0
1742071575.2268934,0.24,0.43,-0.74,-27029.0,-1150.0,12257.0,0.0,0.0,0.0,-27032.0,-1169.0,4065.0,87.0,80.0,35.0
1742071575.2388928,0.24,0.42,-0.73,-30402.0,3820.0,-1488.0,0.0,0.0,0.0,-30406.0,3801.0,-9679.0,0.0,0.0,0.0
1742071575.2473938,0.24,0.42,-0.73,31772.0,8773.0,-15255.0,0.0,0.0,0.0,31767.0,8755.0,-23446.0,0.0,0.0,0.0
1742071575.2593932,0.23,0.42,-0.72,28419.0,13711.0,-29044.0,0.0,0.0,0.0,28414.0,13693.0,28301.0,87.0,120.0,142.0
1742071575.2713935,0.23,0.42,-0.72,25077.0,18632.0,22681.0,0.0,0.0,0.0,25072.0,18614.0,14489.0,23.0,4.0,9.0
1742071575.279893,0.23,0.42,-0.72,21745.0,23536.0,8849.0,0.0,0.0,0.0,21740.0,23518.0,657.0,0.0,0.0,0.0
1742071575.2960696,0.23,0.42,-0.71,18434.0,28411.0,-5019.0,0.0,0.0,0.0,18429.0,28393.0,-13210.0,0.0,0.0,0.0
1742071575.3085318,0.23,0.41,-0.71,15133.0,-32262.0,-18903.0,0.0,0.0,0.0,15128.0,-32279.0,-27094.0,10.0,34.0,37.0
1742071575.3170316,0.23,0.41,-0.71,11841.0,-27410.0,32733.0,0.0,0.0,0.0,11837.0,-27427.0,24541.0,0.0,2.0,3.0
1742071575.329033,0.23,0.41,-0.7,8560.0,-22569.0,18815.0,0.0,0.0,0.0,8556.0,-22586.0,10623.0,57.0,75.0,66.0
1742071575.3372934,0.23,0.41,-0.7,5289.0,-17740.0,4882.0,0.0,0.0,0.0,5284.0,-17756.0,-3309.0,0.0,0.0,0.0
1742071575.3492947,0.23,0.41,-0.7,2027.0,-12922.0,-9066.0,0.0,0.0,0.0,2022.0,-12938.0,-17257.0,0.0,0.0,0.0
1742071575.3617938,0.22,0.41,-0.7,-1223.0,-8117.0,-23031.0,0.0,0.0,0.0,-1227.0,-8133.0,-31222.0,117.0,115.0,116.0
1742071575.3697958,0.22,0.41,-0.69,-4462.0,-3326.0,28524.0,0.0,0.0,0.0,-4466.0,-3341.0,20332.0,0.0,10.0,0.0
1742071575.381809,0.22,0.4,-0.69,-7691.0,1452.0,14524.0,0.0,0.0,0.0,-7695.0,1437.0,6332.0,0.0,0.0,0.0
1742071575.390359,0.22,0.4,-0.69,-10911.0,6215.0,507.0,0.0,0.0,0.0,-10915.0,6201.0,-7684.0,85.0,77.0,113.0
1742071575.4068596,0.22,0.4,-0.68,-14109.0,10950.0,-13543.0,0.0,0.0,0.0,-14114.0,10938.0,-21734.0,0.0,0.0,10.0
1742071575.4150496,0.22,0.4,-0.68,-17298.0,15673.0,-27610.0,0.0,0.0,0.0,-17303.0,15662.0,29735.0,3.0,0.0,0.0
1742071575.4275494,0.22,0.4,-0.68,-20477.0,20384.0,23841.0,0.0,0.0,0.0,-20482.0,20373.0,15649.0,87.0,109.0,81.0
1742071575.4395473,0.22,0.4,-0.67,-23645.0,25083.0,9739.0,0.0,0.0,0.0,-23650.0,25073.0,1547.0,4.0,0.0,0.0
1742071575.4480479,0.22,0.4,-0.67,-26803.0,29771.0,-4377.0,0.0,0.0,0.0,-26808.0,29761.0,-12568.0,0.0,0.0,0.0
1742071575.4600482,0.21,0.39,-0.67,-29950.0,-31088.0,-18505.0,0.0,0.0,0.0,-29955.0,-31097.0,-26696.0,146.0,134.0,110.0
1742071575.4720476,0.21,0.39,-0.67,32448.0,-26420.0,-32648.0,0.0,0.0,0.0,32442.0,-26429.0,24697.0,44.0,14.0,0.0
1742071575.4805477,0.21,0.39,-0.66,29318.0,-21763.0,18731.0,0.0,0.0,0.0,29312.0,-21772.0,10539.0,0.0,0.0,0.0
1742071575.49705,0.21,0.39,-0.66,26206.0,-17126.0,4549.0,0.0,0.0,0.0,26199.0,-17135.0,-3642.0,0.0,0.0,0.0
1742071575.5055575,0.21,0.39,-0.66,23099.0,-12501.0,-9644.0,0.0,0.0,0.0,23092.0,-12510.0,-17835.0,0.0,16.0,37.0
1742071575.5177546,0.21,0.39,-0.66,19999.0,-7887.0,-23850.0,0.0,0.0,0.0,19993.0,-7896.0,-32041.0,15.0,22.0,0.0
1742071575.5296009,0.21,0.39,-0.65,16907.0,-3286.0,27467.0,0.0,0.0,0.0,16901.0,-3294.0,19275.0,87.0,88.0,38.0
1742071575.5381014,0.21,0.39,-0.65,13820.0,1303.0,13233.0,0.0,0.0,0.0,13814.0,1294.0,5041.0,0.0,0.0,0.0
1742071575.5499573,0.21,0.38,-0.65,10740.0,5878.0,-1012.0,0.0,0.0,0.0,10734.0,5869.0,-9203.0,0.0,0.0,0.0
1742071575.5584548,0.21,0.38,-0.65,7666.0,10440.0,-15268.0,0.0,0.0,0.0,7660.0,10432.0,-23459.0,110.0,103.0,116.0
1742071575.5708683,0.21,0.38,-0.64,4599.0,14993.0,-29536.0,0.0,0.0,0.0,4593.0,14985.0,27809.0,20.0,0.0,19.0
1742071575.5793695,0.21,0.38,-0.64,1538.0,19534.0,21719.0,0.0,0.0,0.0,1532.0,19527.0,13527.0,0.0,0.0,0.0
1742071575.5953705,0.2,0.38,-0.64,-1504.0,24056.0,7414.0,0.0,0.0,0.0,-1510.0,24051.0,-777.0,15.0,32.0,14.0
1742071575.607377,0.2,0.38,-0.64,-4537.0,28571.0,-6901.0,0.0,0.0,0.0,-4543.0,28566.0,-15092.0,0.0,34.0,28.0
1742071575.6158772,0.2,0.38,-0.63,-7560.0,-32460.0,-21227.0,0.0,0.0,0.0,-7566.0,-32463.0,-29418.0,8.0,32.0,20.0
1742071575.628376,0.2,0.38,-0.63,-10574.0,-27961.0,29971.0,0.0,0.0,0.0,-10580.0,-27964.0,21779.0,84.0,83.0,75.0
1742071575.6403751,0.2,0.37,-0.63,-13580.0,-23471.0,15619.0,0.0,0.0,0.0,-13587.0,-23473.0,7427.0,9.0,0.0,0.0
1742071575.6483996,0.2,0.37,-0.63,-16578.0,-18990.0,1256.0,0.0,0.0,0.0,-16585.0,-18992.0,-6935.0,0.0,0.0,0.0
1742071575.6608746,0.2,0.37,-0.63,-19568.0,-14519.0,-13116.0,0.0,0.0,0.0,-19575.0,-14521.0,-21307.0,87.0,93.0,98.0
1742071575.6693754,0.2,0.37,-0.62,-22550.0,-10058.0,-27499.0,0.0,0.0,0.0,-22557.0,-10060.0,29846.0,0.0,0.0,0.0
1742071575.6853786,0.2,0.37,-0.62,-25519.0,-5619.0,23632.0,0.0,0.0,0.0,-25526.0,-5621.0,15440.0,3.0,5.0,22.0
1742071575.6968946,0.2,0.37,-0.62,-28482.0,-1190.0,9216.0,0.0,0.0,0.0,-28489.0,-1191.0,1024.0,13.0,0.0,0.0
1742071575.7059062,0.2,0.37,-0.62,-31439.0,3229.0,-5209.0,0.0,0.0,0.0,-31446.0,3227.0,-13400.0,36.0,59.0,64.0
1742071575.7183816,0.2,0.37,-0.62,31146.0,7639.0,-19642.0,0.0,0.0,0.0,31138.0,7637.0,-27833.0,0.0,0.0,0.0
1742071575.7268848,0.2,0.37,-0.61,28199.0,12040.0,31452.0,0.0,0.0,0.0,28191.0,12038.0,23260.0,58.0,53.0,47.0
1742071575.7383816,0.2,0.37,-0.61,25259.0,16433.0,16999.0,0.0,0.0,0.0,25251.0,16431.0,8807.0,0.0,0.0,2.0
1742071575.7505884,0.19,0.37,-0.61,22324.0,20818.0,2538.0,0.0,0.0,0.0,22316.0,20816.0,-5653.0,0.0,0.0,0.0
1742071575.7590876,0.19,0.36,-0.61,19397.0,25196.0,-11930.0,0.0,0.0,0.0,19389.0,25194.0,-20121.0,115.0,122.0,107.0
1742071575.775588,0.19,0.36,-0.61,16483.0,29557.0,-26415.0,0.0,0.0,-0.0,16475.0,29557.0,30930.0,134.0,127.0,113.0
1742071575.787836,0.19,0.36,-0.6,13577.0,-31624.0,24625.0,0.0,0.0,-0.0,13568.0,-31622.0,16433.0,40.0,14.0,6.0
1742071575.796336,0.19,0.36,-0.6,10677.0,-27275.0,10119.0,0.0,0.0,-0.0,10668.0,-27273.0,1927.0,0.0,0.0,0.0
1742071575.808341,0.19,0.36,-0.6,7784.0,-22935.0,-4395.0,0.0,0.0,-0.0,7774.0,-22932.0,-12586.0,100.0,83.0,120.0
1742071575.8205545,0.19,0.36,-0.6,4897.0,-18603.0,-18918.0,0.0,0.0,-0.0,4887.0,-18600.0,-27109.0,0.0,51.0,15.0
1742071575.8286402,0.19,0.36,-0.6,2017.0,-14280.0,32086.0,0.0,0.0,-0.0,2007.0,-14276.0,23894.0,0.0,0.0,9.0
1742071575.8407493,0.19,0.36,-0.6,-855.0,-9965.0,17544.0,0.0,0.0,-0.0,-864.0,-9961.0,9352.0,0.0,6.0,18.0
1742071575.8492332,0.19,0.36,-0.59,-3719.0,-5657.0,2993.0,0.0,0.0,-0.0,-3728.0,-5653.0,-5198.0,0.0,0.0,11.0
1742071575.8618681,0.19,0.36,-0.59,-6577.0,-1356.0,-11564.0,0.0,0.0,-0.0,-6586.0,-1351.0,-19755.0,74.0,137.0,140.0
1742071575.8778675,0.19,0.35,-0.59,-9423.0,2931.0,-26136.0,0.0,0.0,-0.0,-9432.0,2934.0,31209.0,135.0,105.0,139.0
1742071575.8868713,0.19,0.35,-0.59,-12264.0,7208.0,24820.0,0.0,0.0,-0.0,-12273.0,7211.0,16628.0,42.0,22.0,0.0
1742071575.8989334,0.19,0.35,-0.59,-15099.0,11479.0,10233.0,0.0,0.0,-0.0,-15108.0,11482.0,2041.0,0.0,0.0,0.0
1742071575.907432,0.19,0.35,-0.59,-17929.0,15743.0,-4361.0,0.0,0.0,-0.0,-17938.0,15746.0,-12552.0,111.0,91.0,98.0
1742071575.918933,0.19,0.35,-0.59,-20754.0,20000.0,-18960.0,0.0,0.0,-0.0,-20763.0,20003.0,-27151.0,0.0,30.0,37.0
1742071575.9309323,0.19,0.35,-0.58,-23575.0,24249.0,31970.0,0.0,0.0,-0.0,-23584.0,24252.0,23778.0,44.0,0.0,0.0
1742071575.9394314,0.19,0.35,-0.58,-26392.0,28491.0,17355.0,0.0,0.0,-0.0,-26401.0,28494.0,9163.0,0.0,0.0,0.0
1742071575.951642,0.19,0.35,-0.58,-29203.0,32726.0,2733.0,0.0,0.0,-0.0,-29212.0,32730.0,-5458.0,0.0,0.0,10.0
1742071575.968253,0.18,0.35,-0.58,-32005.0,-28589.0,-11901.0,0.0,0.0,-0.0,-32014.0,-28583.0,-20092.0,32.0,19.0,0.0
1742071575.9762526,0.18,0.35,-0.58,30735.0,-24372.0,-26542.0,0.0,0.0,-0.0,30725.0,-24366.0,30803.0,100.0,103.0,126.0
1742071575.9882278,0.18,0.35,-0.58,27942.0,-20163.0,24345.0,0.0,0.0,-0.0,27931.0,-20156.0,16153.0,4.0,17.0,0.0
1742071575.9966667,0.18,0.35,-0.58,25153.0,-15959.0,9689.0,0.0,0.0,-0.0,25142.0,-15952.0,1497.0,0.0,0.0,0.0
1742071576.008678,0.18,0.35,-0.57,22370.0,-11760.0,-4973.0,0.0,0.0,-0.0,22359.0,-11752.0,-13164.0,130.0,140.0,123.0
1742071576.0211759,0.18,0.34,-0.57,19592.0,-7567.0,-19640.0,0.0,0.0,-0.0,19581.0,-7559.0,-27831.0,7.0,19.0,0.0
1742071576.0291772,0.18,0.34,-0.57,16821.0,-3380.0,31223.0,0.0,0.0,-0.0,16810.0,-3371.0,23031.0,0.0,0.0,0.0
1742071576.0456762,0.18,0.34,-0.57,14061.0,795.0,16535.0,0.0,0.0,-0.0,14049.0,803.0,8343.0,95.0,97.0,26.0
1742071576.054177,0.18,0.34,-0.57,11305.0,4963.0,1841.0,0.0,0.0,-0.0,11293.0,4971.0,-6350.0,0.0,0.0,0.0
1742071576.066493,0.18,0.34,-0.57,8554.0,9125.0,-12856.0,0.0,0.0,-0.0,8542.0,9133.0,-21047.0,0.0,0.0,0.0
1742071576.0784917,0.18,0.34,-0.57,5807.0,13281.0,-27560.0,0.0,0.0,-0.0,5795.0,13289.0,29785.0,130.0,113.0,91.0
1742071576.0869951,0.18,0.34,-0.57,3064.0,17430.0,23266.0,0.0,0.0,-0.0,3052.0,17438.0,15074.0,0.0,0.0,0.0
1742071576.0989804,0.18,0.34,-0.57,324.0,21573.0,8550.0,0.0,0.0,-0.0,312.0,21581.0,358.0,0.0,0.0,0.0
1742071576.1071131,0.18,0.34,-0.56,-2411.0,25710.0,-6171.0,0.0,0.0,-0.0,-2422.0,25718.0,-14362.0,127.0,107.0,115.0
1742071576.119631,0.18,0.34,-0.56,-5142.0,29841.0,-20896.0,0.0,0.0,-0.0,-5153.0,29849.0,-29087.0,53.0,16.0,0.0
1742071576.1281285,0.18,0.34,-0.56,-7869.0,-31569.0,29910.0,0.0,0.0,-0.0,-7880.0,-31560.0,21718.0,19.0,0.0,0.0
1742071576.1398892,0.18,0.34,-0.56,-10593.0,-27447.0,15173.0,0.0,0.0,-0.0,-10604.0,-27438.0,6981.0,9.0,19.0,10.0
1742071576.1563761,0.18,0.34,-0.56,-13309.0,-23335.0,426.0,0.0,0.0,-0.0,-13319.0,-23325.0,-7765.0,0.0,0.0,0.0
1742071576.164875,0.18,0.34,-0.56,-16020.0,-19227.0,-14324.0,0.0,0.0,-0.0,-16030.0,-19217.0,-22515.0,1.0,0.0,0.0
1742071576.176863,0.18,0.34,-0.56,-18726.0,-15124.0,-29078.0,0.0,0.0,-0.0,-18736.0,-15113.0,28267.0,103.0,76.0,96.0
1742071576.1888647,0.18,0.33,-0.56,-21428.0,-11026.0,21697.0,0.0,0.0,-0.0,-21438.0,-11015.0,13505.0,1.0,7.0,0.0
1742071576.1973658,0.18,0.33,-0.56,-24125.0,-6933.0,6930.0,0.0,0.0,-0.0,-24135.0,-6921.0,-1261.0,0.0,0.0,0.0
1742071576.209874,0.18,0.33,-0.55,-26818.0,-2845.0,-7840.0,0.0,0.0,-0.0,-26829.0,-2832.0,-16031.0,114.0,80.0,113.0
1742071576.218375,0.18,0.33,-0.55,-29507.0,1238.0,-22615.0,0.0,0.0,-0.0,-29518.0,1250.0,-30806.0,50.0,31.0,0.0
1742071576.2298734,0.18,0.33,-0.55,-32191.0,5315.0,28140.0,0.0,0.0,-0.0,-32202.0,5327.0,19948.0,0.0,0.0,7.0
1742071576.2463727,0.18,0.33,-0.55,30669.0,9381.0,13348.0,0.0,0.0,-0.0,30657.0,9394.0,5156.0,66.0,72.0,47.0
1742071576.2548714,0.18,0.33,-0.55,27996.0,13444.0,-1449.0,0.0,0.0,-0.0,27984.0,13457.0,-9640.0,0.0,0.0,0.0
1742071576.2670548,0.18,0.33,-0.55,25327.0,17503.0,-16248.0,0.0,0.0,-0.0,25315.0,17515.0,-24439.0,0.0,0.0,1.0
1742071576.2755556,0.18,0.33,-0.55,22661.0,21556.0,-31052.0,0.0,0.0,-0.0,22649.0,21568.0,26293.0,96.0,104.0,105.0
1742071576.2870965,0.17,0.33,-0.55,19998.0,25605.0,19676.0,0.0,0.0,-0.0,19986.0,25617.0,11484.0,0.0,0.0,0.0
1742071576.2995863,0.17,0.33,-0.55,17339.0,29650.0,4863.0,0.0,0.0,-0.0,17327.0,29662.0,-3328.0,0.0,0.0,0.0
1742071576.3081226,0.17,0.33,-0.55,14683.0,-31846.0,-9952.0,0.0,0.0,-0.0,14671.0,-31833.0,-18143.0,90.0,90.0,110.0
1742071576.3201218,0.17,0.33,-0.55,12029.0,-27809.0,-24771.0,0.0,0.0,-0.0,12017.0,-27796.0,32574.0,27.0,51.0,46.0
1742071576.3286235,0.17,0.33,-0.54,9378.0,-23776.0,25941.0,0.0,0.0,-0.0,9366.0,-23763.0,17749.0,0.0,0.0,0.0
1742071576.344624,0.17,0.33,-0.54,6731.0,-19752.0,11109.0,0.0,0.0,-0.0,6719.0,-19738.0,2917.0,95.0,78.0,43.0
1742071576.3571236,0.17,0.33,-0.54,4087.0,-15731.0,-3726.0,0.0,0.0,-0.0,4075.0,-15717.0,-11917.0,0.0,0.0,0.0
1742071576.3651235,0.17,0.33,-0.54,1446.0,-11715.0,-18564.0,0.0,0.0,-0.0,1434.0,-11701.0,-26755.0,0.0,0.0,0.0
1742071576.3776238,0.17,0.33,-0.54,-1192.0,-7703.0,32131.0,0.0,0.0,-0.0,-1203.0,-7688.0,23939.0,74.0,114.0,117.0
1742071576.3856277,0.17,0.33,-0.54,-3827.0,-3695.0,17285.0,0.0,0.0,-0.0,-3838.0,-3680.0,9093.0,41.0,24.0,0.0
1742071576.3976426,0.17,0.33,-0.54,-6459.0,308.0,2435.0,0.0,0.0,-0.0,-6470.0,323.0,-5756.0,0.0,0.0,0.0
1742071576.4061544,0.17,0.33,-0.54,-9086.0,4307.0,-12417.0,0.0,0.0,-0.0,-9097.0,4322.0,-20608.0,88.0,93.0,100.0
1742071576.4186542,0.17,0.32,-0.54,-11710.0,8303.0,-27272.0,0.0,0.0,-0.0,-11721.0,8318.0,30073.0,51.0,13.0,8.0
1742071576.4305222,0.17,0.32,-0.54,-14330.0,12295.0,23404.0,0.0,0.0,-0.0,-14341.0,12311.0,15212.0,28.0,14.0,0.0
1742071576.4435387,0.17,0.32,-0.54,-16943.0,16280.0,8535.0,0.0,0.0,-0.0,-16954.0,16296.0,343.0,105.0,104.0,84.0
1742071576.4555218,0.17,0.32,-0.54,-19552.0,20262.0,-6336.0,0.0,0.0,-0.0,-19563.0,20278.0,-14527.0,0.0,0.0,0.0
1742071576.4676225,0.17,0.32,-0.54,-22158.0,24240.0,-21210.0,0.0,0.0,-0.0,-22169.0,24256.0,-29401.0,0.0,0.0,0.0
1742071576.4763062,0.17,0.32,-0.53,-24762.0,28214.0,29449.0,0.0,0.0,-0.0,-24774.0,28230.0,21257.0,101.0,95.0,123.0
1742071576.4878476,0.17,0.32,-0.53,-27365.0,32184.0,14567.0,0.0,0.0,-0.0,-27377.0,32200.0,6375.0,17.0,0.0,2.0
1742071576.4966984,0.17,0.32,-0.53,-29965.0,-29385.0,-318.0,0.0,0.0,-0.0,-29977.0,-29368.0,-8509.0,0.0,0.0,0.0
1742071576.5086637,0.17,0.32,-0.53,-32563.0,-25420.0,-15204.0,0.0,0.0,-0.0,-32575.0,-25403.0,-23395.0,139.0,108.0,113.0
1742071576.52078,0.17,0.32,-0.53,30377.0,-21458.0,-30093.0,0.0,0.0,-0.0,30364.0,-21441.0,27252.0,30.0,31.0,16.0
1742071576.5332794,0.17,0.32,-0.53,27783.0,-17503.0,20548.0,0.0,0.0,-0.0,27770.0,-17486.0,12356.0,8.0,0.0,3.0
1742071576.5457802,0.17,0.32,-0.53,25192.0,-13550.0,5649.0,0.0,0.0,-0.0,25179.0,-13532.0,-2542.0,75.0,42.0,29.0
1742071576.554281,0.17,0.32,-0.53,22603.0,-9600.0,-9250.0,0.0,0.0,-0.0,22590.0,-9582.0,-17441.0,0.0,0.0,0.0
1742071576.5661647,0.17,0.32,-0.53,20016.0,-5653.0,-24153.0,0.0,0.0,-0.0,20003.0,-5635.0,-32344.0,7.0,7.0,28.0
1742071576.5781617,0.17,0.32,-0.53,17432.0,-1709.0,26478.0,0.0,0.0,-0.0,17419.0,-1691.0,18286.0,83.0,103.0,124.0
1742071576.5866659,0.17,0.32,-0.53,14851.0,2230.0,11567.0,0.0,0.0,-0.0,14838.0,2248.0,3375.0,0.0,0.0,0.0
1742071576.5986695,0.17,0.32,-0.53,12273.0,6166.0,-3345.0,0.0,0.0,-0.0,12260.0,6184.0,-11536.0,0.0,0.0,0.0
1742071576.6071725,0.17,0.32,-0.53,9698.0,10099.0,-18260.0,0.0,0.0,-0.0,9685.0,10118.0,-26451.0,133.0,111.0,131.0
1742071576.6191726,0.17,0.32,-0.53,7126.0,14029.0,32358.0,0.0,0.0,-0.0,7113.0,14048.0,24166.0,15.0,9.0,1.0
1742071576.6356723,0.17,0.32,-0.53,4560.0,17954.0,17432.0,0.0,0.0,-0.0,4546.0,17973.0,9240.0,33.0,36.0,5.0
1742071576.6436722,0.17,0.32,-0.53,1996.0,21875.0,2504.0,0.0,0.0,-0.0,1982.0,21894.0,-5687.0,106.0,93.0,44.0
1742071576.6559978,0.17,0.32,-0.52,-564.0,25794.0,-12424.0,0.0,0.0,-0.0,-577.0,25813.0,-20615.0,0.0,0.0,0.0
1742071576.6642892,0.17,0.32,-0.52,-3122.0,29710.0,-27356.0,0.0,0.0,-0.0,-3135.0,29729.0,29989.0,0.0,0.0,0.0
1742071576.6768925,0.17,0.32,-0.52,-5677.0,-31913.0,23245.0,0.0,0.0,-0.0,-5690.0,-31893.0,15053.0,143.0,163.0,103.0
1742071576.68901,0.17,0.32,-0.52,-8230.0,-28000.0,8307.0,0.0,0.0,-0.0,-8243.0,-27980.0,115.0,25.0,30.0,12.0
1742071576.6970093,0.17,0.32,-0.52,-10781.0,-24090.0,-6632.0,0.0,0.0,-0.0,-10794.0,-24070.0,-14823.0,0.0,0.0,0.0
1742071576.7095282,0.17,0.31,-0.52,-13331.0,-20183.0,-21572.0,0.0,0.0,-0.0,-13344.0,-20163.0,-29763.0,119.0,114.0,105.0
1742071576.7175286,0.17,0.31,-0.52,-15879.0,-16279.0,29021.0,0.0,0.0,-0.0,-15892.0,-16259.0,20829.0,0.0,28.0,16.0
1742071576.7340283,0.17,0.31,-0.52,-18424.0,-12380.0,14072.0,0.0,0.0,-0.0,-18437.0,-12359.0,5880.0,0.0,0.0,0.0
1742071576.7460396,0.17,0.31,-0.52,-20967.0,-8483.0,-878.0,0.0,0.0,-0.0,-20980.0,-8462.0,-9069.0,77.0,78.0,49.0
1742071576.7545319,0.17,0.31,-0.52,-23508.0,-4589.0,-15829.0,0.0,0.0,-0.0,-23521.0,-4568.0,-24020.0,0.0,0.0,0.0
1742071576.7665322,0.17,0.31,-0.52,-26047.0,-697.0,-30782.0,0.0,0.0,-0.0,-26060.0,-676.0,26563.0,0.0,0.0,0.0
1742071576.77503,0.17,0.31,-0.52,-28585.0,3192.0,19798.0,0.0,0.0,-0.0,-28598.0,3213.0,11606.0,88.0,94.0,98.0
1742071576.787534,0.17,0.31,-0.52,-31120.0,7078.0,4838.0,0.0,0.0,-0.0,-31133.0,7099.0,-3353.0,0.0,0.0,5.0
1742071576.7991743,0.17,0.31,-0.52,31884.0,10962.0,-10123.0,0.0,0.0,-0.0,31870.0,10983.0,-18314.0,0.0,0.0,0.0
1742071576.8076718,0.17,0.31,-0.52,29352.0,14843.0,-25086.0,0.0,0.0,-0.0,29338.0,14864.0,32259.0,101.0,70.0,97.0
1742071576.8196719,0.17,0.31,-0.52,26822.0,18722.0,25484.0,0.0,0.0,-0.0,26808.0,18744.0,17292.0,15.0,0.0,46.0
1742071576.8361728,0.17,0.31,-0.52,24297.0,22597.0,10513.0,0.0,0.0,-0.0,24283.0,22619.0,2321.0,13.0,25.0,23.0
1742071576.8446715,0.17,0.31,-0.52,21774.0,26469.0,-4459.0,0.0,0.0,-0.0,21760.0,26491.0,-12650.0,44.0,85.0,76.0
1742071576.8566728,0.17,0.31,-0.52,19253.0,30340.0,-19433.0,0.0,0.0,-0.0,19239.0,30362.0,-27624.0,0.0,0.0,0.0
1742071576.8651736,0.17,0.31,-0.52,16734.0,-31328.0,31127.0,0.0,0.0,-0.0,16720.0,-31305.0,22935.0,0.0,0.0,0.0
1742071576.8776717,0.17,0.31,-0.52,14216.0,-27460.0,16147.0,0.0,0.0,-0.0,14202.0,-27437.0,7955.0,105.0,109.0,120.0
1742071576.885674,0.17,0.31,-0.51,11700.0,-23595.0,1165.0,0.0,0.0,-0.0,11686.0,-23572.0,-7026.0,0.0,0.0,0.0
1742071576.89768,0.17,0.31,-0.51,9186.0,-19732.0,-13816.0,0.0,0.0,-0.0,9172.0,-19709.0,-22007.0,0.0,0.0,0.0
1742071576.909716,0.17,0.31,-0.51,6673.0,-15870.0,-28798.0,0.0,0.0,-0.0,6659.0,-15847.0,28547.0,100.0,100.0,154.0
1742071576.9226937,0.17,0.31,-0.51,4163.0,-12012.0,21751.0,0.0,0.0,-0.0,4149.0,-11989.0,13559.0,51.0,81.0,58.0
1742071576.9342082,0.17,0.31,-0.51,1654.0,-8156.0,6762.0,0.0,0.0,-0.0,1640.0,-8133.0,-1429.0,0.0,7.0,0.0
1742071576.9431932,0.17,0.31,-0.51,-853.0,-4303.0,-8227.0,0.0,0.0,-0.0,-866.0,-4280.0,-16418.0,93.0,64.0,58.0
1742071576.954695,0.17,0.31,-0.51,-3358.0,-452.0,-23217.0,0.0,0.0,-0.0,-3371.0,-429.0,-31408.0,0.0,0.0,0.0
1742071576.9670017,0.17,0.31,-0.51,-5861.0,3397.0,27327.0,0.0,0.0,-0.0,-5874.0,3419.0,19135.0,0.0,7.0,0.0
1742071576.975458,0.17,0.31,-0.51,-8362.0,7242.0,12331.0,0.0,0.0,-0.0,-8375.0,7264.0,4139.0,60.0,129.0,137.0
1742071576.9876363,0.17,0.31,-0.51,-10861.0,11086.0,-2666.0,0.0,0.0,-0.0,-10874.0,11109.0,-10857.0,7.0,29.0,40.0
1742071576.9961503,0.17,0.31,-0.51,-13359.0,14928.0,-17664.0,0.0,0.0,-0.0,-13373.0,14951.0,-25855.0,0.0,0.0,0.0
1742071577.0081558,0.17,0.31,-0.51,-15856.0,18769.0,-32663.0,0.0,0.0,-0.0,-15869.0,18792.0,24682.0,85.0,75.0,120.0
1742071577.020283,0.17,0.31,-0.51,-18350.0,22607.0,17871.0,0.0,0.0,-0.0,-18363.0,22630.0,9679.0,17.0,12.0,0.0
1742071577.0332847,0.17,0.31,-0.51,-20840.0,26442.0,2864.0,0.0,0.0,-0.0,-20853.0,26465.0,-5327.0,21.0,33.0,6.0
1742071577.045284,0.17,0.31,-0.51,-23328.0,30275.0,-12142.0,0.0,0.0,-0.0,-23341.0,30298.0,-20333.0,71.0,95.0,90.0
1742071577.053783,0.16,0.31,-0.51,-25815.0,-31430.0,-27149.0,0.0,0.0,-0.0,-25828.0,-31406.0,30196.0,0.0,0.0,0.0
1742071577.0657828,0.16,0.31,-0.51,-28301.0,-27598.0,23377.0,0.0,0.0,-0.0,-28314.0,-27574.0,15185.0,0.0,0.0,0.0
1742071577.0777826,0.16,0.31,-0.51,-30786.0,-23768.0,8364.0,0.0,0.0,-0.0,-30799.0,-23744.0,172.0,87.0,116.0,128.0
1742071577.0863373,0.16,0.31,-0.51,32266.0,-19940.0,-6648.0,0.0,0.0,-0.0,32252.0,-19915.0,-14839.0,6.0,0.0,0.0
1742071577.09785,0.16,0.31,-0.51,29781.0,-16112.0,-21661.0,0.0,0.0,-0.0,29767.0,-16087.0,-29852.0,0.0,0.0,0.0
1742071577.1103592,0.16,0.31,-0.51,27297.0,-12286.0,28860.0,0.0,0.0,-0.0,27283.0,-12261.0,20668.0,124.0,100.0,126.0
1742071577.122868,0.16,0.31,-0.51,24815.0,-8464.0,13841.0,0.0,0.0,-0.0,24801.0,-8439.0,5649.0,107.0,48.0,70.0
1742071577.1353598,0.16,0.31,-0.51,22334.0,-4643.0,-1178.0,0.0,0.0,-0.0,22320.0,-4618.0,-9369.0,13.0,4.0,27.0
1742071577.1438587,0.16,0.31,-0.51,19855.0,-824.0,-16197.0,0.0,0.0,-0.0,19841.0,-799.0,-24388.0,86.0,74.0,38.0
1742071577.1558588,0.16,0.31,-0.51,17376.0,2993.0,-31218.0,0.0,0.0,-0.0,17362.0,3017.0,26127.0,0.0,0.0,0.0
1742071577.1643589,0.16,0.31,-0.51,14898.0,6807.0,19295.0,0.0,0.0,-0.0,14884.0,6831.0,11103.0,20.0,0.0,0.0
1742071577.1763613,0.16,0.31,-0.51,12421.0,10620.0,4270.0,0.0,0.0,-0.0,12407.0,10645.0,-3921.0,131.0,88.0,116.0
1742071577.1883676,0.16,0.31,-0.51,9946.0,14432.0,-10755.0,0.0,0.0,-0.0,9932.0,14457.0,-18946.0,0.0,5.0,0.0
1742071577.196861,0.16,0.31,-0.51,7471.0,18242.0,-25781.0,0.0,0.0,-0.0,7457.0,18267.0,31564.0,0.0,0.0,0.0
1742071577.2088685,0.16,0.3,-0.51,4998.0,22050.0,24727.0,0.0,0.0,-0.0,4983.0,22075.0,16535.0,132.0,93.0,117.0
1742071577.2253683,0.16,0.3,-0.51,2526.0,25856.0,9695.0,0.0,0.0,-0.0,2511.0,25881.0,1503.0,37.0,49.0,60.0
1742071577.233506,0.16,0.3,-0.5,55.0,29660.0,-5337.0,0.0,0.0,-0.0,40.0,29685.0,-13528.0,0.0,3.0,8.0
1742071577.2455056,0.16,0.3,-0.5,-2413.0,-32073.0,-20369.0,0.0,0.0,-0.0,-2427.0,-32047.0,-28560.0,72.0,89.0,78.0
1742071577.2540052,0.16,0.3,-0.5,-4880.0,-28270.0,30134.0,0.0,0.0,-0.0,-4894.0,-28244.0,21942.0,0.0,0.0,0.0
1742071577.2656598,0.16,0.3,-0.5,-7346.0,-24468.0,15098.0,0.0,0.0,-0.0,-7360.0,-24442.0,6906.0,0.0,0.0,5.0
1742071577.2746682,0.16,0.3,-0.5,-9811.0,-20668.0,60.0,0.0,0.0,-0.0,-9825.0,-20642.0,-8131.0,89.0,111.0,100.0
1742071577.2869039,0.16,0.3,-0.5,-12275.0,-16869.0,-14976.0,0.0,0.0,-0.0,-12289.0,-16842.0,-23167.0,0.0,0.0,35.0
1742071577.2989264,0.16,0.3,-0.5,-14738.0,-13070.0,-30014.0,0.0,0.0,-0.0,-14752.0,-13043.0,27331.0,0.0,0.0,0.0
1742071577.3074517,0.16,0.3,-0.5,-17201.0,-9272.0,20483.0,0.0,0.0,-0.0,-17215.0,-9245.0,12291.0,89.0,86.0,90.0
1742071577.3191574,0.16,0.3,-0.5,-19663.0,-5475.0,5442.0,0.0,0.0,-0.0,-19677.0,-5449.0,-2749.0,17.0,21.0,35.0
1742071577.332166,0.16,0.3,-0.5,-22124.0,-1682.0,-9598.0,0.0,0.0,-0.0,-22138.0,-1655.0,-17789.0,0.0,24.0,0.0
1742071577.3441656,0.16,0.3,-0.5,-24585.0,2110.0,-24640.0,0.0,0.0,-0.0,-24599.0,2136.0,32705.0,78.0,91.0,83.0
1742071577.3566687,0.16,0.3,-0.5,-27046.0,5900.0,25853.0,0.0,0.0,-0.0,-27061.0,5926.0,17661.0,0.0,0.0,0.0
1742071577.3646667,0.16,0.3,-0.5,-29508.0,9688.0,10808.0,0.0,0.0,-0.0,-29523.0,9714.0,2616.0,0.0,0.0,0.0
1742071577.3769143,0.16,0.3,-0.5,-31970.0,13475.0,-4237.0,0.0,0.0,-0.0,-31985.0,13501.0,-12428.0,170.0,129.0,107.0
1742071577.3854406,0.16,0.3,-0.5,31105.0,17260.0,-19281.0,0.0,0.0,-0.0,31089.0,17287.0,-27472.0,61.0,39.0,16.0
1742071577.3974407,0.16,0.3,-0.5,28642.0,21045.0,31209.0,0.0,0.0,-0.0,28626.0,21072.0,23017.0,0.0,0.0,0.0
1742071577.40948,0.16,0.3,-0.5,26180.0,24828.0,16161.0,0.0,0.0,-0.0,26164.0,24855.0,7969.0,88.0,110.0,104.0
1742071577.421978,0.16,0.3,-0.5,23720.0,28610.0,1111.0,0.0,0.0,-0.0,23704.0,28637.0,-7080.0,17.0,2.0,0.0
1742071577.4344783,0.16,0.3,-0.5,21262.0,32390.0,-13939.0,0.0,0.0,-0.0,21246.0,32417.0,-22130.0,1.0,0.0,23.0
1742071577.4426515,0.16,0.3,-0.5,18805.0,-29367.0,-28989.0,0.0,0.0,-0.0,18789.0,-29339.0,28356.0,85.0,88.0,84.0
1742071577.4546514,0.16,0.3,-0.5,16349.0,-25586.0,21494.0,0.0,0.0,-0.0,16333.0,-25558.0,13302.0,0.0,0.0,0.0
1742071577.4669907,0.16,0.3,-0.5,13894.0,-21806.0,6440.0,0.0,0.0,-0.0,13878.0,-21778.0,-1751.0,0.0,0.0,0.0
1742071577.4754899,0.16,0.3,-0.5,11439.0,-18027.0,-8613.0,0.0,0.0,-0.0,11423.0,-17999.0,-16804.0,72.0,75.0,109.0
1742071577.487495,0.16,0.3,-0.5,8985.0,-14249.0,-23667.0,0.0,0.0,-0.0,8970.0,-14221.0,-31858.0,12.0,41.0,0.0
1742071577.4959912,0.16,0.3,-0.5,6533.0,-10473.0,26815.0,0.0,0.0,-0.0,6517.0,-10445.0,18623.0,0.0,0.0,0.0
1742071577.5080438,0.16,0.3,-0.5,4080.0,-6698.0,11757.0,0.0,0.0,-0.0,4064.0,-6670.0,3565.0,71.0,82.0,106.0
1742071577.5160434,0.16,0.3,-0.5,1627.0,-2924.0,-3300.0,0.0,0.0,-0.0,1611.0,-2896.0,-11491.0,30.0,0.0,18.0
1742071577.528543,0.16,0.3,-0.5,-823.0,848.0,-18358.0,0.0,0.0,-0.0,-838.0,875.0,-26549.0,0.0,0.0,0.0
1742071577.5450442,0.16,0.3,-0.5,-3271.0,4618.0,32120.0,0.0,0.0,-0.0,-3286.0,4646.0,23928.0,111.0,112.0,128.0
1742071577.553044,0.16,0.3,-0.5,-5718.0,8388.0,17059.0,0.0,0.0,-0.0,-5733.0,8416.0,8867.0,0.0,1.0,0.0
1742071577.5655441,0.16,0.3,-0.5,-8164.0,12157.0,1997.0,0.0,0.0,-0.0,-8178.0,12185.0,-6194.0,0.0,0.0,0.0
1742071577.5735433,0.16,0.3,-0.5,-10608.0,15926.0,-13064.0,0.0,0.0,-0.0,-10622.0,15954.0,-21255.0,90.0,117.0,130.0
1742071577.5860822,0.16,0.3,-0.5,-13051.0,19693.0,-28126.0,0.0,0.0,-0.0,-13066.0,19721.0,29219.0,28.0,12.0,23.0
1742071577.5980818,0.16,0.3,-0.5,-15494.0,23460.0,22347.0,0.0,0.0,-0.0,-15509.0,23488.0,14155.0,2.0,0.0,0.0
1742071577.6065898,0.16,0.3,-0.5,-17937.0,27226.0,7282.0,0.0,0.0,-0.0,-17952.0,27254.0,-909.0,0.0,16.0,77.0
1742071577.6185868,0.16,0.3,-0.5,-20379.0,30991.0,-7782.0,0.0,0.0,-0.0,-20394.0,31019.0,-15973.0,0.0,0.0,23.0
1742071577.6270895,0.16,0.3,-0.5,-22820.0,-30781.0,-22847.0,0.0,0.0,-0.0,-22835.0,-30752.0,-31038.0,62.0,59.0,44.0
1742071577.643087,0.16,0.3,-0.5,-25259.0,-27017.0,27623.0,0.0,0.0,-0.0,-25274.0,-26987.0,19431.0,100.0,97.0,100.0
1742071577.6551032,0.16,0.3,-0.5,-27697.0,-23252.0,12554.0,0.0,0.0,-0.0,-27712.0,-23222.0,4362.0,0.0,11.0,3.0
1742071577.6640878,0.16,0.3,-0.5,-30135.0,-19488.0,-2515.0,0.0,0.0,-0.0,-30150.0,-19458.0,-10706.0,0.0,0.0,0.0
1742071577.6762712,0.16,0.3,-0.5,-32572.0,-15725.0,-17583.0,0.0,0.0,-0.0,-32587.0,-15695.0,-25774.0,101.0,119.0,118.0
1742071577.6882753,0.16,0.3,-0.5,30527.0,-11962.0,-32652.0,0.0,0.0,-0.0,30511.0,-11932.0,24693.0,11.0,0.0,4.0
1742071577.6972766,0.16,0.3,-0.5,28089.0,-8200.0,17814.0,0.0,0.0,-0.0,28073.0,-8170.0,9622.0,0.0,0.0,0.0
1742071577.7087846,0.16,0.3,-0.5,25652.0,-4439.0,2742.0,0.0,0.0,-0.0,25636.0,-4409.0,-5449.0,38.0,56.0,56.0
1742071577.7172844,0.16,0.3,-0.5,23215.0,-679.0,-12329.0,0.0,0.0,-0.0,23199.0,-649.0,-20520.0,5.0,24.0,9.0
1742071577.7302866,0.16,0.3,-0.5,20779.0,3078.0,-27401.0,0.0,0.0,-0.0,20763.0,3107.0,29944.0,0.0,0.0,0.0
1742071577.7417846,0.16,0.3,-0.5,18344.0,6833.0,23062.0,0.0,0.0,-0.0,18328.0,6862.0,14870.0,93.0,90.0,105.0
1742071577.7537851,0.16,0.3,-0.5,15909.0,10588.0,7987.0,0.0,0.0,-0.0,15893.0,10617.0,-204.0,26.0,2.0,19.0
1742071577.7658,0.16,0.3,-0.5,13475.0,14343.0,-7087.0,0.0,0.0,-0.0,13459.0,14372.0,-15278.0,0.0,0.0,0.0
1742071577.7739944,0.16,0.3,-0.5,11042.0,18097.0,-22161.0,0.0,0.0,-0.0,11026.0,18127.0,-30352.0,71.0,122.0,90.0
1742071577.7864964,0.16,0.3,-0.5,8610.0,21851.0,28300.0,0.0,0.0,-0.0,8594.0,21881.0,20108.0,40.0,29.0,15.0
1742071577.794496,0.16,0.3,-0.5,6178.0,25604.0,13222.0,0.0,0.0,-0.0,6162.0,25634.0,5030.0,5.0,7.0,0.0
1742071577.8070571,0.16,0.3,-0.5,3746.0,29356.0,-1855.0,0.0,0.0,-0.0,3730.0,29386.0,-10046.0,0.0,7.0,58.0
1742071577.8150733,0.16,0.3,-0.5,1315.0,-32429.0,-16932.0,0.0,0.0,-0.0,1298.0,-32398.0,-25123.0,2.0,0.0,14.0
1742071577.8275578,0.16,0.3,-0.5,-1115.0,-28677.0,-32010.0,0.0,0.0,-0.0,-1131.0,-28646.0,25335.0,87.0,80.0,101.0
1742071577.839934,0.16,0.3,-0.5,-3543.0,-24925.0,18446.0,0.0,0.0,-0.0,-3558.0,-24894.0,10254.0,31.0,79.0,81.0
1742071577.8526816,0.16,0.3,-0.5,-5969.0,-21174.0,3365.0,0.0,0.0,-0.0,-5984.0,-21143.0,-4826.0,26.0,20.0,0.0
1742071577.8641806,0.16,0.3,-0.49,-8394.0,-17424.0,-11715.0,0.0,0.0,-0.0,-8409.0,-17393.0,-19906.0,0.0,0.0,0.0
1742071577.8766806,0.16,0.3,-0.49,-10819.0,-13674.0,-26795.0,0.0,0.0,-0.0,-10834.0,-13643.0,30550.0,78.0,109.0,112.0
1742071577.8851824,0.16,0.3,-0.49,-13243.0,-9925.0,23659.0,0.0,0.0,-0.0,-13258.0,-9894.0,15467.0,10.0,18.0,34.0
1742071577.8971872,0.16,0.3,-0.49,-15667.0,-6177.0,8576.0,0.0,0.0,-0.0,-15682.0,-6145.0,384.0,26.0,10.0,0.0
1742071577.905711,0.16,0.3,-0.49,-18090.0,-2428.0,-6507.0,0.0,0.0,-0.0,-18105.0,-2396.0,-14698.0,0.0,15.0,22.0
1742071577.9172251,0.16,0.3,-0.49,-20513.0,1319.0,-21589.0,0.0,0.0,-0.0,-20528.0,1350.0,-29780.0,0.0,8.0,5.0
1742071577.9262102,0.16,0.3,-0.49,-22936.0,5065.0,28864.0,0.0,0.0,-0.0,-22951.0,5096.0,20672.0,121.0,75.0,88.0
1742071577.9417257,0.16,0.3,-0.49,-25358.0,8810.0,13779.0,0.0,0.0,-0.0,-25374.0,8841.0,5587.0,37.0,37.0,25.0
1742071577.9542127,0.16,0.3,-0.49,-27781.0,12554.0,-1306.0,0.0,0.0,-0.0,-27797.0,12585.0,-9497.0,8.0,31.0,26.0
1742071577.9627094,0.16,0.3,-0.49,-30203.0,16298.0,-16390.0,0.0,0.0,-0.0,-30219.0,16329.0,-24581.0,0.0,0.0,0.0
1742071577.9752095,0.16,0.3,-0.49,-32624.0,20042.0,-31475.0,0.0,0.0,-0.0,-32640.0,20074.0,25870.0,88.0,98.0,101.0
1742071577.9872112,0.16,0.3,-0.49,30491.0,23786.0,18975.0,0.0,0.0,-0.0,30474.0,23818.0,10783.0,17.0,17.0,5.0
1742071577.9952297,0.16,0.3,-0.49,28069.0,27529.0,3887.0,0.0,0.0,-0.0,28052.0,27561.0,-4304.0,15.0,0.0,0.0
1742071578.0077462,0.16,0.3,-0.49,25648.0,31272.0,-11200.0,0.0,0.0,-0.0,25631.0,31304.0,-19391.0,8.0,0.0,54.0
1742071578.0162446,0.16,0.3,-0.49,23227.0,-30522.0,-26287.0,0.0,0.0,-0.0,23210.0,-30489.0,31058.0,21.0,5.0,0.0
1742071578.0282447,0.16,0.3,-0.49,20807.0,-26779.0,24160.0,0.0,0.0,-0.0,20790.0,-26746.0,15968.0,0.0,0.0,0.0
1742071578.0447435,0.16,0.3,-0.49,18388.0,-23037.0,9069.0,0.0,0.0,-0.0,18371.0,-23004.0,877.0,113.0,98.0,94.0
1742071578.0527446,0.16,0.3,-0.49,15969.0,-19296.0,-6021.0,0.0,0.0,-0.0,15952.0,-19263.0,-14212.0,0.0,5.0,0.0
1742071578.065252,0.16,0.3,-0.49,13551.0,-15555.0,-21110.0,0.0,0.0,-0.0,13534.0,-15522.0,-29301.0,0.0,0.0,0.0
1742071578.0735664,0.16,0.3,-0.49,11133.0,-11815.0,29336.0,0.0,0.0,-0.0,11116.0,-11782.0,21144.0,85.0,86.0,144.0
1742071578.0855699,0.16,0.3,-0.49,8716.0,-8075.0,14244.0,0.0,0.0,-0.0,8699.0,-8042.0,6052.0,0.0,12.0,38.0
1742071578.0940695,0.16,0.3,-0.49,6299.0,-4335.0,-848.0,0.0,0.0,-0.0,6282.0,-4302.0,-9039.0,5.0,16.0,0.0
1742071578.1060727,0.16,0.3,-0.49,3882.0,-595.0,-15939.0,0.0,0.0,-0.0,3865.0,-562.0,-24130.0,0.0,0.0,0.0
1742071578.1145737,0.16,0.3,-0.49,1466.0,3143.0,-31030.0,0.0,0.0,-0.0,1449.0,3175.0,26315.0,0.0,7.0,0.0
1742071578.126575,0.16,0.3,-0.49,-949.0,6880.0,19414.0,0.0,0.0,-0.0,-965.0,6912.0,11222.0,112.0,137.0,120.0
1742071578.1387403,0.16,0.3,-0.49,-3362.0,10616.0,4320.0,0.0,0.0,-0.0,-3378.0,10648.0,-3871.0,37.0,0.0,39.0
1742071578.1512394,0.16,0.3,-0.49,-5775.0,14351.0,-10773.0,0.0,0.0,-0.0,-5791.0,14383.0,-18964.0,0.0,0.0,0.0
1742071578.1632402,0.16,0.3,-0.49,-8188.0,18086.0,-25866.0,0.0,0.0,-0.0,-8204.0,18118.0,31479.0,0.0,0.0,0.0
1742071578.175744,0.16,0.3,-0.49,-10600.0,21820.0,24575.0,0.0,0.0,-0.0,-10616.0,21852.0,16383.0,32.0,74.0,57.0
1742071578.1837435,0.16,0.3,-0.49,-13012.0,25554.0,9479.0,0.0,0.0,-0.0,-13028.0,25586.0,1287.0,0.0,0.0,0.0
1742071578.1962469,0.16,0.3,-0.49,-15423.0,29287.0,-5616.0,0.0,0.0,-0.0,-15439.0,29320.0,-13807.0,58.0,64.0,40.0
1742071578.2042892,0.16,0.3,-0.49,-17834.0,-32515.0,-20710.0,0.0,0.0,-0.0,-17850.0,-32481.0,-28901.0,0.0,0.0,0.0
1742071578.2169037,0.16,0.3,-0.49,-20244.0,-28780.0,29731.0,0.0,0.0,-0.0,-20260.0,-28746.0,21539.0,0.0,0.0,0.0
1742071578.2284038,0.16,0.3,-0.49,-22654.0,-25045.0,14634.0,0.0,0.0,-0.0,-22670.0,-25011.0,6442.0,78.0,103.0,136.0
1742071578.2409036,0.16,0.3,-0.49,-25063.0,-21311.0,-463.0,0.0,0.0,-0.0,-25079.0,-21277.0,-8654.0,3.0,0.0,35.0
1742071578.2494028,0.16,0.3,-0.49,-27472.0,-17577.0,-15559.0,0.0,0.0,-0.0,-27488.0,-17543.0,-23750.0,0.0,32.0,0.0
1742071578.2619035,0.16,0.3,-0.49,-29880.0,-13844.0,-30655.0,0.0,0.0,-0.0,-29896.0,-13810.0,26690.0,0.0,0.0,0.0
1742071578.2739036,0.16,0.3,-0.49,-32288.0,-10110.0,19783.0,0.0,0.0,-0.0,-32304.0,-10076.0,11591.0,21.0,62.0,77.0
1742071578.2864058,0.16,0.3,-0.49,30839.0,-6377.0,4684.0,0.0,0.0,-0.0,30822.0,-6343.0,-3507.0,41.0,30.0,42.0
1742071578.2944064,0.16,0.3,-0.49,28428.0,-2644.0,-10413.0,0.0,0.0,-0.0,28412.0,-2610.0,-18604.0,106.0,78.0,27.0
1742071578.3064332,0.16,0.3,-0.49,26019.0,1088.0,-25511.0,0.0,0.0,-0.0,26003.0,1121.0,31834.0,7.0,0.0,0.0
1742071578.3149319,0.16,0.3,-0.49,23610.0,4818.0,24926.0,0.0,0.0,-0.0,23593.0,4851.0,16734.0,0.0,0.0,0.0
1742071578.3274372,0.16,0.3,-0.49,21200.0,8548.0,9826.0,0.0,0.0,-0.0,21183.0,8581.0,1634.0,175.0,121.0,114.0
1742071578.3394327,0.16,0.3,-0.49,18791.0,12277.0,-5273.0,0.0,0.0,-0.0,18774.0,12310.0,-13464.0,8.0,13.0,19.0
1742071578.351933,0.16,0.3,-0.49,16381.0,16006.0,-20372.0,0.0,0.0,-0.0,16364.0,16039.0,-28563.0,6.0,6.0,10.0
1742071578.363933,0.16,0.3,-0.49,13972.0,19734.0,30065.0,0.0,0.0,-0.0,13955.0,19767.0,21873.0,0.0,0.0,0.0
1742071578.3724332,0.16,0.3,-0.49,11564.0,23462.0,14963.0,0.0,0.0,-0.0,11547.0,23495.0,6771.0,45.0,46.0,69.0
1742071578.3844337,0.16,0.3,-0.49,9156.0,27190.0,-138.0,0.0,0.0,-0.0,9139.0,27223.0,-8329.0,0.0,0.0,0.0
1742071578.3929372,0.16,0.3,-0.49,6748.0,30917.0,-15238.0,0.0,0.0,-0.0,6731.0,30950.0,-23429.0,82.0,72.0,35.0
1742071578.4050055,0.16,0.3,-0.49,4341.0,-30892.0,-30338.0,0.0,0.0,-0.0,4324.0,-30858.0,27007.0,0.0,0.0,0.0
1742071578.4175117,0.16,0.3,-0.49,1934.0,-27163.0,20097.0,0.0,0.0,-0.0,1917.0,-27129.0,11905.0,0.0,11.0,0.0
1742071578.4257636,0.16,0.3,-0.49,-471.0,-23435.0,4994.0,0.0,0.0,-0.0,-487.0,-23401.0,-3197.0,153.0,125.0,110.0
1742071578.437763,0.16,0.3,-0.49,-2875.0,-19707.0,-10107.0,0.0,0.0,-0.0,-2891.0,-19673.0,-18298.0,23.0,8.0,0.0
1742071578.449778,0.16,0.3,-0.49,-5278.0,-15980.0,-25209.0,0.0,0.0,-0.0,-5294.0,-15946.0,32136.0,7.0,13.0,0.0
1742071578.4624753,0.16,0.3,-0.49,-7682.0,-12253.0,25224.0,0.0,0.0,-0.0,-7698.0,-12219.0,17032.0,2.0,28.0,1.0
1742071578.4742217,0.16,0.3,-0.49,-10085.0,-8526.0,10120.0,0.0,0.0,-0.0,-10100.0,-8492.0,1928.0,14.0,9.0,19.0
1742071578.483224,0.16,0.3,-0.49,-12487.0,-4800.0,-4983.0,0.0,0.0,-0.0,-12502.0,-4766.0,-13174.0,0.0,0.0,15.0
1742071578.4950104,0.16,0.3,-0.49,-14889.0,-1074.0,-20086.0,0.0,0.0,-0.0,-14904.0,-1040.0,-28277.0,120.0,69.0,96.0
1742071578.503267,0.16,0.3,-0.49,-17290.0,2651.0,30346.0,0.0,0.0,-0.0,-17306.0,2684.0,22154.0,0.0,0.0,0.0
1742071578.515755,0.16,0.3,-0.49,-19692.0,6374.0,15240.0,0.0,0.0,-0.0,-19708.0,6407.0,7048.0,0.0,0.0,1.0
1742071578.5278914,0.16,0.3,-0.49,-22094.0,10097.0,134.0,0.0,0.0,-0.0,-22110.0,10130.0,-8057.0,112.0,105.0,122.0
1742071578.5358672,0.16,0.3,-0.49,-24495.0,13819.0,-14970.0,0.0,0.0,-0.0,-24511.0,13852.0,-23161.0,26.0,0.0,0.0
1742071578.5483675,0.16,0.3,-0.49,-26896.0,17540.0,-30074.0,0.0,0.0,-0.0,-26912.0,17573.0,27271.0,0.0,0.0,0.0
1742071578.5608668,0.16,0.3,-0.49,-29296.0,21262.0,20356.0,0.0,0.0,-0.0,-29312.0,21295.0,12164.0,51.0,33.0,0.0
1742071578.5728636,0.16,0.3,-0.49,-31696.0,24983.0,5248.0,0.0,0.0,-0.0,-31712.0,25016.0,-2943.0,0.0,16.0,13.0
1742071578.5849478,0.16,0.3,-0.49,31440.0,28704.0,-9858.0,0.01,0.0,-0.0,31423.0,28737.0,-18049.0,18.0,19.0,0.0
1742071578.5934463,0.16,0.3,-0.49,29039.0,32425.0,-24964.0,0.01,0.0,-0.0,29023.0,32458.0,32381.0,103.0,114.0,97.0
1742071578.605729,0.16,0.3,-0.49,26639.0,-29391.0,25465.0,0.01,0.0,-0.0,26623.0,-29357.0,17273.0,0.0,0.0,0.0
1742071578.6142302,0.16,0.3,-0.49,24239.0,-25669.0,10357.0,0.01,0.0,-0.0,24223.0,-25635.0,2165.0,0.0,22.0,0.0
1742071578.626032,0.16,0.3,-0.49,21840.0,-21947.0,-4750.0,0.01,0.0,-0.0,21824.0,-21913.0,-12941.0,84.0,109.0,132.0
1742071578.6385314,0.16,0.3,-0.49,19440.0,-18226.0,-19856.0,0.01,0.0,-0.0,19424.0,-18192.0,-28047.0,0.0,9.0,0.0
1742071578.6510317,0.16,0.3,-0.49,17040.0,-14505.0,30573.0,0.01,0.0,-0.0,17024.0,-14471.0,22381.0,44.0,12.0,33.0
1742071578.6630967,0.16,0.3,-0.49,14640.0,-10784.0,15464.0,0.01,0.0,-0.0,14624.0,-10750.0,7272.0,0.0,0.0,0.0
1742071578.6750374,0.16,0.3,-0.49,12240.0,-7064.0,354.0,0.01,0.0,-0.0,12224.0,-7030.0,-7837.0,38.0,70.0,45.0
1742071578.6835222,0.16,0.3,-0.49,9841.0,-3344.0,-14754.0,0.01,0.0,-0.0,9825.0,-3310.0,-22945.0,14.0,17.0,22.0
1742071578.695658,0.16,0.3,-0.49,7442.0,375.0,-29862.0,0.01,0.0,-0.0,7426.0,408.0,27483.0,102.0,84.0,59.0
1742071578.7041717,0.16,0.3,-0.49,5043.0,4093.0,20565.0,0.01,0.0,-0.0,5027.0,4127.0,12373.0,10.0,0.0,0.0
1742071578.7161727,0.16,0.3,-0.49,2644.0,7811.0,5455.0,0.01,0.0,-0.0,2628.0,7845.0,-2736.0,0.0,0.0,0.0
1742071578.724673,0.16,0.3,-0.49,245.0,11529.0,-9653.0,0.01,0.0,-0.0,229.0,11563.0,-17844.0,71.0,133.0,123.0
1742071578.7366736,0.16,0.3,-0.49,-2153.0,15247.0,-24761.0,0.01,0.0,-0.0,-2169.0,15281.0,32584.0,0.0,17.0,25.0
1742071578.7492278,0.16,0.3,-0.49,-4550.0,18964.0,25666.0,0.01,0.0,-0.0,-4566.0,18998.0,17474.0,13.0,14.0,9.0
1742071578.7612267,0.16,0.3,-0.49,-6947.0,22681.0,10556.0,0.01,0.0,-0.0,-6963.0,22715.0,2364.0,55.0,26.0,21.0
1742071578.7737267,0.16,0.3,-0.49,-9344.0,26398.0,-4554.0,0.01,0.0,-0.0,-9360.0,26432.0,-12745.0,9.0,0.0,0.0
1742071578.7822287,0.16,0.3,-0.49,-11742.0,30115.0,-19663.0,0.01,0.0,-0.0,-11758.0,30149.0,-27854.0,4.0,0.0,0.0
1742071578.7942288,0.16,0.29,-0.49,-14139.0,-31705.0,30763.0,0.01,0.0,-0.0,-14155.0,-31670.0,22571.0,158.0,118.0,94.0
1742071578.8063,0.16,0.29,-0.49,-16536.0,-27987.0,15651.0,0.01,0.0,-0.0,-16552.0,-27952.0,7459.0,22.0,0.0,0.0
1742071578.8147979,0.16,0.29,-0.49,-18933.0,-24269.0,539.0,0.01,0.0,-0.0,-18949.0,-24234.0,-7652.0,2.0,0.0,0.0
1742071578.8267987,0.16,0.29,-0.49,-21330.0,-20551.0,-14571.0,0.01,0.0,-0.0,-21346.0,-20516.0,-22762.0,156.0,94.0,115.0
1742071578.8393,0.16,0.29,-0.49,-23727.0,-16834.0,-29681.0,0.01,0.0,-0.0,-23743.0,-16799.0,27664.0,0.0,0.0,1.0
1742071578.8512983,0.16,0.29,-0.49,-26123.0,-13117.0,20744.0,0.01,0.0,-0.0,-26139.0,-13082.0,12552.0,0.0,0.0,0.0
1742071578.8637986,0.16,0.29,-0.49,-28519.0,-9400.0,5632.0,0.01,0.0,-0.0,-28535.0,-9365.0,-2559.0,0.0,18.0,0.0
1742071578.8723006,0.16,0.29,-0.49,-30915.0,-5683.0,-9478.0,0.01,0.0,-0.0,-30931.0,-5648.0,-17669.0,2.0,31.0,62.0
1742071578.8842976,0.16,0.29,-0.49,32225.0,-1966.0,-24588.0,0.01,0.0,-0.0,32208.0,-1931.0,32757.0,0.0,0.0,0.0
1742071578.8924592,0.16,0.29,-0.49,29828.0,1750.0,25837.0,0.01,0.0,-0.0,29811.0,1784.0,17645.0,105.0,102.0,92.0
1742071578.904479,0.16,0.29,-0.49,27431.0,5464.0,10724.0,0.01,0.0,-0.0,27414.0,5498.0,2532.0,0.0,0.0,0.0
1742071578.9169643,0.16,0.29,-0.49,25034.0,9178.0,-4388.0,0.01,0.0,-0.0,25017.0,9212.0,-12579.0,0.0,0.0,0.0
1742071578.925465,0.16,0.29,-0.49,22638.0,12892.0,-19499.0,0.01,0.0,-0.0,22621.0,12926.0,-27690.0,111.0,94.0,120.0
1742071578.9374557,0.16,0.29,-0.49,20241.0,16606.0,30925.0,0.01,0.0,-0.0,20224.0,16640.0,22733.0,0.0,0.0,0.0
1742071578.9499552,0.16,0.29,-0.49,17844.0,20320.0,15811.0,0.01,0.0,-0.0,17827.0,20354.0,7619.0,0.0,0.0,0.0
1742071578.961956,0.16,0.29,-0.49,15448.0,24034.0,697.0,0.01,0.0,-0.0,15431.0,24068.0,-7494.0,30.0,44.0,0.0
1742071578.9740822,0.16,0.29,-0.49,13052.0,27748.0,-14415.0,0.01,0.0,-0.0,13035.0,27782.0,-22606.0,21.0,22.0,29.0
1742071578.9820688,0.16,0.29,-0.49,10656.0,31461.0,-29527.0,0.01,0.0,-0.0,10639.0,31495.0,27818.0,7.0,0.0,14.0
1742071578.994826,0.16,0.29,-0.49,8261.0,-30362.0,20896.0,0.01,0.0,-0.0,8244.0,-30327.0,12704.0,137.0,104.0,98.0
1742071579.003387,0.16,0.29,-0.49,5866.0,-26647.0,5782.0,0.01,0.0,-0.0,5849.0,-26612.0,-2409.0,0.0,0.0,0.0
1742071579.015387,0.16,0.29,-0.49,3471.0,-22933.0,-9331.0,0.01,0.0,-0.0,3454.0,-22898.0,-17522.0,7.0,0.0,0.0
1742071579.0273864,0.16,0.29,-0.49,1076.0,-19219.0,-24444.0,0.01,0.0,-0.0,1059.0,-19184.0,-32635.0,165.0,128.0,106.0
1742071579.039886,0.16,0.29,-0.49,-1317.0,-15506.0,25978.0,0.01,0.0,-0.0,-1333.0,-15471.0,17786.0,0.0,0.0,0.0
1742071579.048389,0.16,0.29,-0.49,-3709.0,-11794.0,10862.0,0.01,0.0,-0.0,-3725.0,-11759.0,2670.0,0.0,0.0,0.0
1742071579.0603864,0.16,0.29,-0.49,-6101.0,-8082.0,-4253.0,0.01,0.0,-0.0,-6117.0,-8047.0,-12444.0,33.0,31.0,2.0
1742071579.0728853,0.16,0.29,-0.49,-8493.0,-4371.0,-19368.0,0.01,0.0,-0.0,-8509.0,-4336.0,-27559.0,0.0,0.0,0.0
1742071579.080885,0.16,0.29,-0.49,-10885.0,-660.0,31053.0,0.01,0.0,-0.0,-10901.0,-625.0,22861.0,0.0,8.0,0.0
1742071579.093291,0.16,0.29,-0.49,-13276.0,3049.0,15936.0,0.01,0.0,-0.0,-13292.0,3084.0,7744.0,76.0,100.0,117.0
1742071579.1058059,0.16,0.29,-0.49,-15668.0,6757.0,818.0,0.01,0.0,-0.0,-15684.0,6792.0,-7373.0,0.0,20.0,21.0
1742071579.1137996,0.16,0.29,-0.49,-18060.0,10464.0,-14299.0,0.01,0.0,-0.0,-18076.0,10499.0,-22490.0,0.0,0.0,0.0
1742071579.1257994,0.16,0.29,-0.49,-20452.0,14171.0,-29416.0,0.01,0.0,-0.0,-20468.0,14206.0,27929.0,93.0,97.0,106.0
1742071579.1341937,0.16,0.29,-0.49,-22844.0,17876.0,21002.0,0.01,0.0,-0.0,-22860.0,17911.0,12810.0,39.0,2.0,21.0
1742071579.1503055,0.16,0.29,-0.49,-25235.0,21580.0,5882.0,0.01,0.0,-0.0,-25251.0,21615.0,-2309.0,0.0,0.0,0.0
1742071579.158805,0.16,0.29,-0.49,-27626.0,25283.0,-9237.0,0.01,0.0,-0.0,-27642.0,25318.0,-17428.0,60.0,118.0,137.0
1742071579.1708062,0.16,0.29,-0.49,-30017.0,28986.0,-24356.0,0.01,0.0,-0.0,-30034.0,29021.0,-32547.0,0.0,0.0,21.0
1742071579.1833057,0.16,0.29,-0.49,-32408.0,32688.0,26061.0,0.01,0.0,-0.0,-32425.0,32723.0,17869.0,0.0,0.0,0.0
1742071579.195324,0.16,0.29,-0.49,30736.0,-29146.0,10940.0,0.01,0.0,-0.0,30718.0,-29110.0,2748.0,118.0,65.0,76.0
1742071579.2038174,0.16,0.29,-0.49,28342.0,-25441.0,-4180.0,0.01,0.0,-0.0,28324.0,-25405.0,-12371.0,0.0,0.0,0.0
1742071579.2158177,0.16,0.29,-0.49,25948.0,-21737.0,-19299.0,0.01,0.0,-0.0,25930.0,-21701.0,-27490.0,0.0,0.0,0.0
1742071579.2243168,0.16,0.29,-0.49,23555.0,-18032.0,31118.0,0.01,0.0,-0.0,23537.0,-17996.0,22926.0,120.0,124.0,123.0
1742071579.2404513,0.16,0.29,-0.49,21162.0,-14327.0,15997.0,0.01,0.0,-0.0,21144.0,-14291.0,7805.0,0.0,0.0,0.0
1742071579.248467,0.16,0.29,-0.49,18769.0,-10621.0,876.0,0.01,0.0,-0.0,18751.0,-10585.0,-7315.0,0.0,0.0,0.0
1742071579.2611816,0.16,0.29,-0.49,16377.0,-6915.0,-14243.0,0.01,0.0,-0.0,16359.0,-6879.0,-22434.0,53.0,59.0,0.0
1742071579.273431,0.16,0.29,-0.49,13984.0,-3209.0,-29362.0,0.01,0.0,-0.0,13966.0,-3174.0,27983.0,0.0,14.0,16.0
1742071579.28164,0.16,0.29,-0.49,11592.0,495.0,21054.0,0.01,0.0,-0.0,11574.0,529.0,12862.0,41.0,0.0,0.0
1742071579.2936418,0.16,0.29,-0.49,9200.0,4197.0,5933.0,0.01,0.0,-0.0,9182.0,4231.0,-2258.0,111.0,123.0,93.0
1742071579.3061495,0.16,0.29,-0.49,6808.0,7899.0,-9186.0,0.01,0.0,-0.0,6790.0,7933.0,-17377.0,0.0,0.0,0.0
1742071579.3141494,0.16,0.29,-0.49,4416.0,11601.0,-24305.0,0.01,0.0,-0.0,4398.0,11636.0,-32496.0,7.0,0.0,0.0
1742071579.3261495,0.16,0.29,-0.49,2024.0,15303.0,26111.0,0.01,0.0,-0.0,2006.0,15338.0,17919.0,107.0,140.0,123.0
1742071579.3391714,0.16,0.29,-0.49,-367.0,19005.0,10989.0,0.01,0.0,-0.0,-384.0,19040.0,2797.0,0.0,0.0,0.0
1742071579.3471491,0.16,0.29,-0.49,-2757.0,22708.0,-4131.0,0.01,0.0,-0.0,-2774.0,22743.0,-12322.0,0.0,0.0,0.0
1742071579.3591504,0.16,0.29,-0.49,-5147.0,26411.0,-19250.0,0.01,0.0,-0.0,-5164.0,26446.0,-27441.0,118.0,112.0,123.0
1742071579.3716495,0.16,0.29,-0.49,-7536.0,30114.0,31166.0,0.01,0.0,-0.0,-7553.0,30149.0,22974.0,0.0,0.0,0.0
1742071579.3836505,0.16,0.29,-0.49,-9925.0,-31718.0,16045.0,0.01,0.0,-0.0,-9942.0,-31683.0,7853.0,0.0,0.0,18.0
1742071579.3921535,0.16,0.29,-0.49,-12314.0,-28013.0,924.0,0.01,0.0,-0.0,-12331.0,-27978.0,-7267.0,87.0,111.0,78.0
1742071579.4044762,0.16,0.29,-0.49,-14702.0,-24309.0,-14196.0,0.01,0.0,-0.0,-14719.0,-24273.0,-22387.0,11.0,0.0,0.0
1742071579.4164762,0.16,0.29,-0.49,-17090.0,-20603.0,-29316.0,0.01,0.0,-0.0,-17107.0,-20567.0,28029.0,0.0,0.0,0.0
1742071579.4249763,0.16,0.29,-0.49,-19478.0,-16898.0,21098.0,0.01,0.0,-0.0,-19495.0,-16862.0,12906.0,127.0,103.0,106.0
1742071579.437477,0.16,0.29,-0.49,-21865.0,-13193.0,5975.0,0.01,0.0,-0.0,-21882.0,-13157.0,-2216.0,0.0,0.0,0.0
1742071579.4494762,0.16,0.29,-0.49,-24252.0,-9489.0,-9146.0,0.01,0.0,-0.0,-24269.0,-9453.0,-17337.0,0.0,0.0,0.0
1742071579.4619768,0.16,0.29,-0.49,-26639.0,-5785.0,-24267.0,0.01,0.0,-0.0,-26656.0,-5749.0,-32458.0,67.0,61.0,33.0
1742071579.4744778,0.16,0.29,-0.49,-29027.0,-2081.0,26148.0,0.01,0.0,-0.0,-29044.0,-2045.0,17956.0,0.0,0.0,0.0
1742071579.4829779,0.16,0.29,-0.49,-31415.0,1622.0,11025.0,0.01,0.0,-0.0,-31432.0,1657.0,2833.0,0.0,41.0,18.0
1742071579.4945037,0.16,0.29,-0.49,31733.0,5325.0,-4097.0,0.01,0.0,-0.0,31715.0,5360.0,-12288.0,141.0,120.0,177.0
1742071579.5025446,0.16,0.29,-0.49,29343.0,9028.0,-19218.0,0.01,0.0,-0.0,29325.0,9063.0,-27409.0,0.0,0.0,0.0
1742071579.5146785,0.16,0.29,-0.49,26954.0,12731.0,31197.0,0.01,0.0,-0.0,26936.0,12766.0,23005.0,0.0,0.0,0.0
1742071579.527163,0.16,0.29,-0.49,24565.0,16434.0,16074.0,0.01,0.0,-0.0,24547.0,16469.0,7882.0,98.0,113.0,104.0
1742071579.5391788,0.16,0.29,-0.49,22176.0,20137.0,951.0,0.01,0.0,-0.0,22158.0,20172.0,-7240.0,0.0,0.0,0.0
1742071579.5476625,0.16,0.29,-0.49,19787.0,23840.0,-14170.0,0.01,0.0,-0.0,19769.0,23875.0,-22361.0,0.0,0.0,0.0
1742071579.5601623,0.16,0.29,-0.49,17399.0,27542.0,-29292.0,0.01,0.0,-0.0,17381.0,27577.0,28053.0,64.0,40.0,22.0
1742071579.5723035,0.16,0.29,-0.49,15011.0,31244.0,21121.0,0.01,0.0,-0.0,14993.0,31279.0,12929.0,0.0,0.0,0.0
1742071579.5843048,0.16,0.29,-0.49,12623.0,-30590.0,5997.0,0.01,0.0,-0.0,12605.0,-30554.0,-2194.0,0.0,0.0,6.0
1742071579.5928044,0.16,0.29,-0.49,10235.0,-26886.0,-9125.0,0.01,0.0,-0.0,10217.0,-26850.0,-17316.0,116.0,142.0,116.0
1742071579.6053104,0.16,0.29,-0.49,7847.0,-23182.0,-24247.0,0.01,0.0,-0.0,7829.0,-23146.0,-32438.0,0.0,13.0,0.0
1742071579.61331,0.16,0.29,-0.49,5459.0,-19478.0,26167.0,0.01,0.0,-0.0,5441.0,-19442.0,17975.0,0.0,0.0,0.0
1742071579.6293092,0.16,0.29,-0.49,3072.0,-15773.0,11043.0,0.01,0.0,-0.0,3054.0,-15737.0,2851.0,91.0,83.0,77.0
1742071579.6378095,0.16,0.29,-0.49,685.0,-12068.0,-4080.0,0.01,0.0,-0.0,667.0,-12032.0,-12271.0,0.0,0.0,0.0
1742071579.649829,0.16,0.29,-0.49,-1702.0,-8363.0,-19202.0,0.01,0.0,-0.0,-1719.0,-8327.0,-27393.0,0.0,0.0,0.0
1742071579.6583102,0.16,0.29,-0.49,-4088.0,-4658.0,31212.0,0.01,0.0,-0.0,-4105.0,-4622.0,23020.0,104.0,98.0,133.0
1742071579.6708097,0.16,0.29,-0.49,-6474.0,-953.0,16088.0,0.01,0.0,-0.0,-6491.0,-917.0,7896.0,3.0,0.0,0.0
1742071579.6828105,0.16,0.29,-0.49,-8860.0,2751.0,964.0,0.01,0.0,-0.0,-8877.0,2786.0,-7227.0,0.0,0.0,0.0
1742071579.6913111,0.17,0.29,-0.49,-11246.0,6452.0,-14158.0,0.01,0.0,-0.0,-11263.0,6487.0,-22349.0,73.0,106.0,124.0
1742071579.7033436,0.17,0.29,-0.49,-13632.0,10153.0,-29280.0,0.01,0.0,-0.0,-13649.0,10188.0,28065.0,59.0,53.0,27.0
1742071579.7154286,0.17,0.29,-0.49,-16017.0,13854.0,21133.0,0.01,0.0,-0.0,-16034.0,13889.0,12941.0,0.0,0.0,0.0
1742071579.7239342,0.17,0.29,-0.49,-18402.0,17555.0,6009.0,0.01,0.0,-0.0,-18419.0,17590.0,-2182.0,128.0,125.0,96.0
1742071579.7364311,0.17,0.29,-0.49,-20787.0,21257.0,-9113.0,0.01,0.0,-0.0,-20804.0,21292.0,-17304.0,8.0,0.0,0.0
1742071579.7484322,0.17,0.29,-0.49,-23172.0,24959.0,-24235.0,0.01,0.0,-0.0,-23189.0,24993.0,-32426.0,0.0,0.0,0.0
1742071579.760429,0.17,0.29,-0.49,-25556.0,28660.0,26179.0,0.01,0.0,-0.0,-25573.0,28695.0,17987.0,86.0,115.0,68.0
1742071579.7729287,0.17,0.29,-0.49,-27940.0,32362.0,11055.0,0.01,0.0,-0.0,-27957.0,32397.0,2863.0,0.0,0.0,0.0
1742071579.7814295,0.17,0.29,-0.49,-30324.0,-29472.0,-4068.0,0.01,0.0,-0.0,-30342.0,-29436.0,-12259.0,0.0,0.0,0.0
1742071579.793431,0.17,0.29,-0.49,-32709.0,-25769.0,-19190.0,0.01,0.0,-0.0,-32727.0,-25733.0,-27381.0,125.0,121.0,123.0
1742071579.8054361,0.17,0.29,-0.49,30442.0,-22066.0,31224.0,0.01,0.0,-0.0,30423.0,-22030.0,23032.0,36.0,0.0,0.0
1742071579.8139365,0.17,0.29,-0.49,28055.0,-18363.0,16100.0,0.01,0.0,-0.0,28036.0,-18328.0,7908.0,0.0,0.0,0.0
1742071579.8264363,0.17,0.29,-0.49,25668.0,-14662.0,975.0,0.01,0.0,-0.0,25649.0,-14627.0,-7216.0,113.0,82.0,114.0
1742071579.8384373,0.17,0.29,-0.49,23281.0,-10960.0,-14147.0,0.01,0.0,-0.0,23263.0,-10925.0,-22338.0,0.0,1.0,0.0
1742071579.8469372,0.17,0.29,-0.49,20895.0,-7258.0,-29269.0,0.01,0.0,-0.0,20877.0,-7223.0,28076.0,0.0,0.0,0.0
1742071579.862937,0.17,0.29,-0.49,18509.0,-3557.0,21143.0,0.01,0.0,-0.0,18491.0,-3521.0,12951.0,69.0,59.0,54.0
1742071579.8714373,0.17,0.29,-0.49,16123.0,145.0,6019.0,0.01,0.0,-0.0,16105.0,180.0,-2172.0,0.0,0.0,0.0
1742071579.883438,0.17,0.29,-0.49,13737.0,3846.0,-9103.0,0.01,0.0,-0.0,13719.0,3881.0,-17294.0,0.0,0.0,0.0
1742071579.891961,0.17,0.29,-0.49,11351.0,7547.0,-24225.0,0.01,0.0,-0.0,11333.0,7582.0,-32416.0,123.0,114.0,159.0
1742071579.9039974,0.17,0.29,-0.49,8965.0,11248.0,26188.0,0.01,0.0,-0.0,8947.0,11283.0,17996.0,0.0,0.0,5.0
1742071579.912498,0.17,0.29,-0.49,6580.0,14949.0,11063.0,0.01,0.0,-0.0,6562.0,14984.0,2871.0,0.0,0.0,0.0
1742071579.9244974,0.17,0.29,-0.49,4195.0,18650.0,-4061.0,0.01,0.0,-0.0,4177.0,18685.0,-12252.0,135.0,112.0,110.0
1742071579.936998,0.17,0.29,-0.49,1810.0,22350.0,-19184.0,0.01,0.0,-0.0,1792.0,22385.0,-27375.0,19.0,0.0,0.0
1742071579.948998,0.17,0.29,-0.49,-575.0,26050.0,31228.0,0.01,0.0,-0.0,-592.0,26085.0,23036.0,0.0,0.0,0.0
1742071579.9574976,0.17,0.29,-0.49,-2958.0,29750.0,16102.0,0.01,0.0,-0.0,-2975.0,29785.0,7910.0,136.0,118.0,118.0
1742071579.9699981,0.17,0.29,-0.49,-5341.0,-32086.0,976.0,0.01,0.0,-0.0,-5358.0,-32050.0,-7215.0,0.0,0.0,0.0
1742071579.9819977,0.17,0.29,-0.49,-7724.0,-28384.0,-14148.0,0.01,0.0,-0.0,-7741.0,-28348.0,-22339.0,0.0,0.0,0.0
1742071579.9940088,0.17,0.29,-0.49,-10107.0,-24682.0,-29272.0,0.01,0.0,-0.0,-10124.0,-24646.0,28073.0,108.0,87.0,104.0
1742071580.0025477,0.17,0.29,-0.49,-12490.0,-20980.0,21139.0,0.01,0.0,-0.0,-12507.0,-20944.0,12947.0,21.0,21.0,5.0
1742071580.0145466,0.17,0.29,-0.49,-14873.0,-17277.0,6013.0,0.01,0.0,-0.0,-14890.0,-17241.0,-2178.0,0.0,0.0,0.0
1742071580.0265462,0.17,0.29,-0.49,-17255.0,-13575.0,-9111.0,0.01,0.0,-0.0,-17272.0,-13539.0,-17302.0,142.0,127.0,96.0
1742071580.039047,0.17,0.29,-0.49,-19637.0,-9873.0,-24235.0,0.01,0.0,-0.0,-19654.0,-9837.0,-32426.0,0.0,0.0,0.0
1742071580.0475466,0.17,0.29,-0.49,-22019.0,-6171.0,26177.0,0.01,0.0,-0.0,-22036.0,-6135.0,17985.0,0.0,0.0,0.0
1742071580.0595467,0.17,0.29,-0.49,-24401.0,-2469.0,11051.0,0.01,0.0,-0.0,-24418.0,-2433.0,2859.0,139.0,110.0,115.0
1742071580.0720477,0.17,0.29,-0.49,-26783.0,1232.0,-4074.0,0.01,0.0,-0.0,-26800.0,1267.0,-12265.0,0.0,0.0,0.0
1742071580.0840726,0.17,0.29,-0.49,-29165.0,4932.0,-19198.0,0.01,0.0,-0.0,-29182.0,4967.0,-27389.0,0.0,0.0,0.0
1742071580.092551,0.17,0.29,-0.49,-31547.0,8632.0,31214.0,0.01,0.0,-0.0,-31564.0,8667.0,23022.0,92.0,130.0,115.0
1742071580.104577,0.17,0.29,-0.49,31608.0,12332.0,16088.0,0.01,0.0,-0.0,31590.0,12367.0,7896.0,21.0,0.0,0.0
1742071580.1130772,0.17,0.29,-0.49,29225.0,16032.0,962.0,0.01,0.0,-0.0,29207.0,16067.0,-7229.0,0.0,0.0,0.0
1742071580.1291914,0.17,0.29,-0.49,26842.0,19733.0,-14162.0,0.01,0.0,-0.0,26824.0,19768.0,-22353.0,119.0,118.0,87.0
1742071580.1375785,0.17,0.29,-0.49,24458.0,23434.0,-29286.0,0.01,0.0,-0.0,24440.0,23469.0,28059.0,0.0,0.0,0.0
1742071580.1496973,0.17,0.29,-0.49,22075.0,27135.0,21125.0,0.01,0.0,-0.0,22057.0,27170.0,12933.0,0.0,0.0,0.0
1742071580.1616964,0.17,0.29,-0.49,19692.0,30836.0,5999.0,0.01,0.0,-0.0,19674.0,30871.0,-2192.0,91.0,93.0,61.0
1742071580.1701949,0.17,0.29,-0.49,17309.0,-30999.0,-9125.0,0.01,0.0,-0.0,17291.0,-30963.0,-17316.0,0.0,0.0,0.0
1742071580.182195,0.17,0.29,-0.49,14926.0,-27296.0,-24249.0,0.01,0.0,-0.0,14908.0,-27260.0,-32440.0,0.0,0.0,0.0
1742071580.194698,0.17,0.29,-0.49,12543.0,-23595.0,26162.0,0.01,0.0,-0.0,12525.0,-23559.0,17970.0,140.0,114.0,89.0
1742071580.2032104,0.17,0.29,-0.49,10161.0,-19894.0,11035.0,0.01,0.0,-0.0,10143.0,-19858.0,2843.0,0.0,0.0,0.0
1742071580.2152035,0.17,0.29,-0.49,7780.0,-16193.0,-4091.0,0.01,0.0,-0.0,7762.0,-16157.0,-12282.0,0.0,0.0,0.0
1742071580.227857,0.17,0.29,-0.49,5406.0,-12491.0,-19218.0,0.01,0.0,-0.0,5388.0,-12455.0,-27409.0,104.0,118.0,81.0
1742071580.2358556,0.17,0.29,-0.49,3039.0,-8789.0,31189.0,0.01,0.0,-0.0,3021.0,-8753.0,22997.0,0.0,0.0,0.0
1742071580.2483556,0.16,0.29,-0.49,687.0,-5079.0,16057.0,0.01,0.0,-0.0,669.0,-5044.0,7865.0,0.0,0.0,0.0
1742071580.260356,0.16,0.28,-0.49,-1630.0,-1358.0,920.0,0.01,0.0,-0.0,-1646.0,-1325.0,-7271.0,72.0,128.0,140.0
1742071580.2723565,0.17,0.28,-0.49,-3900.0,2378.0,-14221.0,0.01,0.0,-0.0,-3914.0,2406.0,-22412.0,0.0,0.0,2.0
1742071580.2808552,0.16,0.27,-0.49,-6119.0,6125.0,-29369.0,0.01,0.0,-0.0,-6131.0,6148.0,27976.0,0.0,19.0,38.0
1742071580.2933793,0.16,0.27,-0.49,-8279.0,9897.0,21017.0,0.01,0.0,-0.0,-8289.0,9899.0,12825.0,161.0,172.0,187.0
1742071580.3023844,0.16,0.26,-0.5,-10359.0,13671.0,5855.0,0.01,0.0,0.0,-10366.0,13648.0,-2336.0,42.0,46.0,45.0
1742071580.313888,0.15,0.25,-0.5,-12363.0,17459.0,-9307.0,0.01,0.0,0.01,-12365.0,17416.0,-17498.0,0.0,0.0,0.0
1742071580.3263872,0.14,0.23,-0.49,-14200.0,21178.0,-24539.0,0.01,0.0,0.01,-14200.0,21111.0,-32730.0,155.0,126.0,136.0
1742071580.3379052,0.14,0.22,-0.49,-15955.0,24847.0,25731.0,0.01,-0.0,0.01,-15954.0,24756.0,17539.0,0.0,10.0,0.0
1742071580.3463871,0.14,0.2,-0.48,-17619.0,28451.0,10420.0,0.01,-0.0,0.01,-17617.0,28343.0,2229.0,0.0,0.0,0.0
1742071580.3624055,0.14,0.19,-0.47,-19201.0,32004.0,-4925.0,0.01,-0.0,0.02,-19200.0,31881.0,-13115.0,36.0,137.0,64.0
1742071580.3708873,0.14,0.18,-0.47,-20691.0,-30026.0,-20305.0,0.01,0.0,0.02,-20691.0,-30152.0,-28495.0,0.0,0.0,0.0
1742071580.383387,0.13,0.17,-0.46,-22091.0,-26588.0,29799.0,0.01,0.0,0.02,-22092.0,-26717.0,21608.0,0.0,0.0,0.0
1742071580.395413,0.13,0.16,-0.45,-23400.0,-23213.0,14320.0,0.01,0.0,0.02,-23401.0,-23341.0,6129.0,142.0,176.0,154.0
1742071580.403918,0.13,0.15,-0.44,-24616.0,-19912.0,-1210.0,0.01,0.0,0.02,-24618.0,-20037.0,-9400.0,14.0,8.0,23.0
1742071580.4159193,0.13,0.13,-0.41,-25646.0,-16795.0,-16852.0,0.01,0.0,0.02,-25647.0,-16918.0,-25042.0,21.0,48.0,13.0
1742071580.4284184,0.13,0.11,-0.39,-26580.0,-13800.0,-32559.0,0.01,0.0,0.01,-26581.0,-13920.0,24787.0,20.0,110.0,0.0
1742071580.4409208,0.13,0.1,-0.37,-27421.0,-10949.0,17199.0,0.01,0.0,0.02,-27424.0,-11078.0,9008.0,88.0,117.0,151.0
1742071580.4529183,0.13,0.09,-0.36,-28182.0,-8239.0,1360.0,0.01,0.0,0.01,-28190.0,-8360.0,-6830.0,24.0,3.0,22.0
1742071580.4612653,0.13,0.08,-0.33,-28864.0,-5690.0,-14545.0,0.0,0.0,0.01,-28876.0,-5783.0,-22735.0,7.0,0.0,0.0
1742071580.4737647,0.13,0.07,-0.32,-29452.0,-3251.0,-30504.0,0.0,0.0,0.01,-29469.0,-3329.0,26842.0,0.0,0.0,45.0
1742071580.4817646,0.13,0.06,-0.29,-29921.0,-982.0,19006.0,-0.0,0.0,0.01,-29940.0,-1039.0,10815.0,0.0,33.0,0.0
1742071580.4937665,0.13,0.04,-0.27,-30271.0,1129.0,2922.0,-0.0,0.0,0.01,-30290.0,1082.0,-5268.0,127.0,83.0,90.0
1742071580.5062737,0.12,0.01,-0.22,-30390.0,2885.0,-13257.0,-0.01,0.0,0.0,-30407.0,2851.0,-21448.0,27.0,57.0,86.0
